user id,rating count,rating ave,Business,Entertainment,Politics,Sport,Tech,Healthcare,Academic,Media & News
user_0,8,3.6875,3.5,3.0,0.0,4.4,0.0,2.25,4.5,0.0
user_1,8,3.5,0.0,0.0,4.0,0.0,3.25,3.0,2.0,0.0
user_2,8,3.5625,2.0,4.3,0.0,0.0,0.0,2.0,3.0,0.0
user_3,8,3.875,0.0,3.0,0.0,0.0,3.0,4.6,0.0,2.0
user_4,8,3.6875,0.0,3.0,0.0,4.3,0.0,3.0,0.0,0.0
user_5,18,4.083333333333333,0.0,4.166666666666667,3.0,4.166666666666667,4.0,3.0,4.3125,0.0
user_6,13,3.923076923076923,0.0,0.0,2.5,4.416666666666667,2.0,4.25,5.0,3.0
user_7,13,4.038461538461538,0.0,2.75,4.583333333333333,0.0,2.0,4.2,5.0,0.0
user_8,13,3.730769230769231,4.166666666666667,0.0,4.125,2.0,3.0,0.0,3.3333333333333335,4.0
user_9,8,3.625,2.75,0.0,0.0,0.0,4.2,2.5,0.0,0.0
user_10,23,4.043478260869565,0.0,4.05,4.25,4.0,3.8333333333333335,4.0,4.2,2.5
user_11,8,3.5,2.0,0.0,0.0,0.0,2.5,4.3,0.0,2.0
user_12,14,3.75,2.0,0.0,0.0,4.0,4.3,4.0,3.5,2.5
user_13,9,3.888888888888889,5.0,5.0,3.5,0.0,0.0,2.5,0.0,4.416666666666667
user_14,8,3.75,4.4,3.0,0.0,0.0,0.0,2.5,0.0,0.0
user_15,13,4.0,0.0,4.5,0.0,0.0,2.5,3.0,2.0,4.428571428571429
user_16,8,3.8125,0.0,0.0,2.5,4.6,0.0,0.0,4.75,2.5
user_17,13,4.153846153846154,0.0,4.25,5.0,4.0,2.5,0.0,4.5,0.0
user_18,13,3.769230769230769,0.0,4.083333333333333,0.0,4.125,0.0,2.5,4.5,3.0
user_19,9,3.7777777777777777,2.0,3.5,0.0,0.0,3.25,3.0,0.0,4.333333333333333
user_20,14,3.892857142857143,4.0,4.25,0.0,2.75,5.0,0.0,3.0,4.25
user_21,14,3.9642857142857144,0.0,2.5,3.5,2.0,4.1,0.0,0.0,4.583333333333333
user_22,14,3.9642857142857144,0.0,3.6666666666666665,0.0,3.5,3.75,4.25,0.0,4.3
user_23,19,4.184210526315789,0.0,0.0,4.5,3.0,4.0,0.0,4.277777777777778,4.333333333333333
user_24,8,3.75,0.0,5.0,3.0,2.0,4.6,0.0,2.0,0.0
user_25,8,3.8125,4.5,0.0,0.0,3.0,3.0,3.0,0.0,2.0
user_26,13,4.0,4.5,2.5,2.5,4.625,0.0,0.0,2.0,0.0
user_27,19,4.078947368421052,4.5,4.0,2.75,4.25,3.25,0.0,4.333333333333333,4.277777777777778
user_28,9,3.5555555555555554,2.0,3.5,2.0,0.0,0.0,3.0,0.0,4.166666666666667
user_29,18,4.166666666666667,0.0,3.0,4.625,0.0,4.0,4.3125,0.0,3.0
user_30,8,3.875,2.0,0.0,4.6,0.0,0.0,3.0,0.0,3.0
user_31,9,3.6666666666666665,3.25,0.0,0.0,0.0,3.0,3.0,0.0,4.083333333333333
user_32,13,3.6923076923076925,2.5,2.5,3.9166666666666665,0.0,4.125,3.5,4.0,2.75
user_33,8,3.6875,3.0,0.0,2.5,4.4,2.0,0.0,0.0,0.0
user_34,8,3.125,2.0,3.5,0.0,2.0,3.8,2.0,0.0,0.0
user_35,14,3.7857142857142856,3.75,0.0,0.0,4.2,0.0,3.0,4.071428571428571,2.0
user_36,8,3.5,4.2,2.0,0.0,2.0,3.0,0.0,0.0,0.0
user_37,14,3.7142857142857144,4.25,3.5,0.0,2.5,3.5,2.5,2.0,4.0
user_38,19,4.0,3.0,3.75,3.5,0.0,0.0,4.1,4.375,0.0
user_39,14,3.75,3.3333333333333335,4.5,0.0,3.8333333333333335,3.0,3.0,0.0,4.125
user_40,8,3.75,2.5,0.0,2.0,5.0,2.0,4.7,0.0,0.0
user_41,8,3.5,0.0,4.2,0.0,0.0,0.0,0.0,2.25,2.5
user_42,9,3.7777777777777777,2.0,0.0,3.6666666666666665,4.5,0.0,0.0,4.583333333333333,0.0
user_43,8,3.8125,2.5,4.5,0.0,0.0,4.0,2.5,0.0,3.6666666666666665
user_44,18,4.111111111111111,0.0,4.333333333333333,3.875,5.0,0.0,3.25,4.444444444444445,3.75
user_45,13,3.923076923076923,4.083333333333333,3.0,3.0,4.625,2.5,5.0,3.0,4.5
user_46,8,3.5625,2.25,4.0,0.0,0.0,4.3,0.0,2.5,0.0
user_47,13,4.153846153846154,0.0,4.5,4.5,0.0,5.0,2.0,4.5,2.5
user_48,8,3.8125,0.0,5.0,3.0,0.0,4.6,0.0,0.0,3.1666666666666665
user_49,14,4.285714285714286,3.5,0.0,4.75,0.0,4.7,2.0,4.625,2.5
user_50,17,4.0588235294117645,5.0,4.142857142857143,4.0,2.5,2.5,0.0,3.5,0.0
user_51,9,3.611111111111111,0.0,2.0,0.0,0.0,0.0,2.5,0.0,4.333333333333333
user_52,8,3.4375,2.0,0.0,0.0,2.0,4.1,0.0,2.5,0.0
user_53,18,4.083333333333333,0.0,4.0,3.0,4.25,4.25,4.25,0.0,2.5
user_54,8,3.8125,2.5,0.0,4.6,0.0,0.0,0.0,2.0,4.0
user_55,8,3.625,3.0,0.0,0.0,2.5,2.5,4.2,0.0,0.0
user_56,18,4.361111111111111,3.75,0.0,5.0,4.4,0.0,3.5,4.5,0.0
user_57,13,3.6153846153846154,3.6666666666666665,0.0,4.071428571428571,0.0,2.75,3.25,0.0,0.0
user_58,9,3.5,0.0,0.0,5.0,3.25,3.0,2.0,4.0,0.0
user_59,8,3.625,3.0,0.0,4.2,0.0,0.0,0.0,3.0,3.0
user_60,8,3.5625,3.0,3.9,0.0,0.0,3.5,3.0,0.0,0.0
user_61,8,3.625,0.0,0.0,2.0,2.5,0.0,4.3,3.0,0.0
user_62,8,3.8125,0.0,4.7,0.0,2.5,4.0,2.0,2.5,4.0
user_63,9,3.7222222222222223,0.0,2.5,0.0,4.5,2.25,0.0,4.416666666666667,0.0
user_64,9,3.5555555555555554,0.0,0.0,3.5,2.0,3.0,2.5,0.0,4.083333333333333
user_65,13,3.5384615384615383,0.0,3.6666666666666665,0.0,0.0,3.75,3.0,3.75,2.5
user_66,8,3.625,0.0,4.4,0.0,0.0,3.25,0.0,2.5,3.0
user_67,14,4.25,0.0,0.0,3.0,0.0,3.5,3.0,4.3125,4.75
user_68,8,3.625,4.2,2.5,0.0,0.0,3.0,0.0,3.5,0.0
user_69,8,3.375,0.0,2.0,3.0,5.0,0.0,3.9,2.75,0.0
user_70,13,4.0,4.833333333333333,4.285714285714286,2.5,2.0,3.5,0.0,0.0,4.0
user_71,13,4.269230769230769,4.0,4.75,0.0,4.5,3.75,0.0,4.357142857142857,0.0
user_72,8,3.5,0.0,0.0,0.0,3.0,0.0,4.2,2.0,2.0
user_73,8,3.5,0.0,0.0,4.2,0.0,2.5,2.5,4.25,3.25
user_74,14,3.892857142857143,2.0,2.5,4.416666666666667,4.0,4.5,0.0,4.2,2.5
user_75,13,4.038461538461538,4.333333333333333,0.0,4.75,2.5,2.0,3.75,0.0,0.0
user_76,13,3.8076923076923075,4.2,4.2,3.0,2.0,2.5,0.0,0.0,5.0
user_77,8,3.5,4.0,3.0,0.0,3.5,0.0,3.0,0.0,2.0
user_78,8,3.6875,0.0,4.5,0.0,0.0,3.0,2.0,0.0,3.0
user_79,9,3.7777777777777777,0.0,0.0,3.0,0.0,0.0,2.5,3.0,4.25
user_80,8,3.5,2.75,0.0,2.0,0.0,4.1,0.0,0.0,0.0
user_81,8,3.5,4.2,0.0,2.5,0.0,0.0,2.0,2.5,0.0
user_82,8,3.75,0.0,4.4,0.0,0.0,3.0,3.0,2.0,0.0
user_83,8,3.625,0.0,0.0,0.0,2.0,2.5,4.4,0.0,0.0
user_84,18,3.888888888888889,4.25,3.9166666666666665,0.0,0.0,2.0,0.0,4.083333333333333,3.0
user_85,13,3.8461538461538463,4.333333333333333,2.5,4.0,4.0,0.0,2.5,0.0,0.0
user_86,20,4.0,0.0,3.5,0.0,3.0,2.5,4.666666666666667,3.9285714285714284,4.0
user_87,9,3.8333333333333335,4.0,0.0,4.0,5.0,2.5,2.5,4.5,0.0
user_88,13,3.923076923076923,0.0,0.0,4.5,4.083333333333333,0.0,3.625,3.0,0.0
user_89,9,3.7777777777777777,2.5,0.0,0.0,4.0,0.0,2.0,4.416666666666667,0.0
user_90,8,3.625,2.0,0.0,0.0,0.0,2.75,4.3,0.0,0.0
user_91,8,3.6875,2.0,3.0,4.4,0.0,0.0,2.5,4.5,0.0
user_92,8,3.8125,2.5,3.0,0.0,2.5,4.5,0.0,0.0,0.0
user_93,8,3.75,2.5,0.0,2.5,4.6,0.0,5.0,3.5,0.0
user_94,9,3.5,0.0,3.0,0.0,2.6666666666666665,0.0,0.0,4.0,0.0
user_95,18,3.8055555555555554,0.0,0.0,3.875,3.25,3.25,4.1,4.0,0.0
user_96,14,3.8214285714285716,3.0,0.0,4.25,0.0,0.0,3.75,3.25,4.071428571428571
user_97,8,3.625,4.3,2.5,0.0,2.0,3.0,0.0,2.0,5.0
user_98,23,4.1521739130434785,0.0,4.25,4.083333333333333,3.0,4.5,0.0,4.5,4.2
user_99,8,3.5,4.3,2.0,2.5,0.0,2.0,0.0,0.0,0.0
user_100,13,3.9615384615384617,0.0,4.5,0.0,2.0,4.5,4.2,0.0,3.5
user_101,9,3.8333333333333335,0.0,0.0,0.0,3.0,5.0,3.0,4.333333333333333,0.0
user_102,8,3.6875,0.0,0.0,2.0,3.5,2.5,4.5,0.0,2.5
user_103,18,4.138888888888889,0.0,4.333333333333333,4.75,3.0,2.5,0.0,4.285714285714286,3.5
user_104,8,3.5,2.5,0.0,2.0,4.5,0.0,4.3,2.0,0.0
user_105,8,3.5625,0.0,4.3,2.5,0.0,0.0,2.25,0.0,0.0
user_106,9,3.888888888888889,4.5,3.0,2.5,0.0,0.0,0.0,3.0,4.416666666666667
user_107,9,3.611111111111111,0.0,0.0,2.5,2.75,0.0,0.0,2.5,4.083333333333333
user_108,8,3.8125,4.5,3.0,2.0,0.0,3.0,0.0,0.0,0.0
user_109,8,3.75,0.0,3.75,0.0,0.0,4.4,2.75,0.0,0.0
user_110,9,3.888888888888889,4.0,0.0,3.25,3.25,0.0,3.0,4.416666666666667,0.0
user_111,8,3.5,0.0,2.5,4.1,0.0,0.0,0.0,4.0,2.5
user_112,8,3.3125,0.0,4.0,2.25,3.0,3.8,0.0,3.5,4.0
user_113,14,3.9642857142857144,3.5,0.0,4.625,2.5,3.0,3.5,4.214285714285714,0.0
user_114,13,3.769230769230769,0.0,0.0,3.875,3.0,2.0,4.416666666666667,0.0,2.0
user_115,8,3.4375,2.0,0.0,0.0,2.6666666666666665,0.0,4.3,0.0,0.0
user_116,13,3.730769230769231,0.0,3.9285714285714284,3.0,0.0,4.125,3.0,5.0,3.25
user_117,9,3.7222222222222223,2.5,4.5,3.0,0.0,0.0,2.0,0.0,4.333333333333333
user_118,14,3.7857142857142856,0.0,0.0,4.0,0.0,2.5,2.0,3.9166666666666665,4.166666666666667
user_119,19,4.184210526315789,0.0,3.0,4.0,0.0,4.166666666666667,4.375,4.0,4.333333333333333
user_120,9,3.611111111111111,0.0,2.5,0.0,3.0,0.0,2.0,0.0,4.166666666666667
user_121,17,3.9411764705882355,4.5,2.5,3.888888888888889,0.0,3.5,4.25,3.5,2.5
user_122,9,3.388888888888889,2.5,3.0,0.0,4.0,0.0,2.0,3.8333333333333335,0.0
user_123,18,4.111111111111111,0.0,4.0,4.416666666666667,2.0,4.5,3.0,4.5,4.0
user_124,8,3.75,0.0,4.6,2.5,0.0,0.0,2.25,0.0,0.0
user_125,8,3.5,0.0,2.5,4.1,2.5,0.0,0.0,2.5,0.0
user_126,14,4.214285714285714,2.0,2.5,0.0,0.0,0.0,4.75,4.4375,0.0
user_127,9,4.111111111111111,3.75,4.0,0.0,0.0,0.0,2.0,0.0,4.833333333333333
user_128,14,4.0,3.5,0.0,3.0,4.166666666666667,0.0,0.0,4.5,2.5
user_129,8,3.6875,0.0,3.0,0.0,3.0,3.0,4.3,0.0,0.0
user_130,8,3.5625,0.0,3.0,2.5,0.0,0.0,4.0,0.0,3.0
user_131,8,3.625,3.0,3.0,4.0,0.0,0.0,4.5,0.0,3.0
user_132,8,3.6875,0.0,0.0,4.5,0.0,2.0,0.0,2.5,2.5
user_133,9,3.8333333333333335,4.5,2.5,0.0,0.0,2.0,3.0,0.0,4.5
user_134,8,3.75,4.4,0.0,0.0,0.0,2.5,3.0,4.0,3.75
user_135,8,3.75,0.0,2.5,0.0,2.5,4.4,0.0,2.75,0.0
user_136,14,3.607142857142857,4.1,3.5,2.5,4.5,0.0,2.0,2.0,3.9166666666666665
user_137,8,3.625,2.5,0.0,0.0,0.0,0.0,4.4,2.5,2.0
user_138,9,3.388888888888889,0.0,0.0,0.0,2.0,0.0,0.0,2.25,4.0
user_139,8,3.6875,0.0,0.0,3.0,0.0,4.3,3.0,2.0,0.0
user_140,8,3.25,0.0,0.0,2.5,0.0,0.0,3.8,0.0,2.25
user_141,8,3.3125,2.0,3.5,0.0,0.0,4.0,0.0,4.0,2.6666666666666665
user_142,13,3.8461538461538463,4.142857142857143,4.333333333333333,2.5,0.0,4.0,0.0,2.75,4.5
user_143,8,3.5625,0.0,2.3333333333333335,4.3,0.0,0.0,4.5,0.0,0.0
user_144,8,3.75,4.4,2.5,0.0,3.0,0.0,0.0,2.5,0.0
user_145,13,4.076923076923077,0.0,3.5,4.666666666666667,0.0,4.375,3.0,5.0,2.5
user_146,14,4.107142857142857,0.0,0.0,4.5,3.5,3.0,4.1,4.5,0.0
user_147,9,3.9444444444444446,2.5,0.0,0.0,4.333333333333333,0.0,0.0,4.583333333333333,0.0
user_148,14,3.892857142857143,3.5,3.75,3.0,0.0,4.166666666666667,0.0,2.5,4.25
user_149,8,3.4375,0.0,2.0,0.0,4.2,2.5,4.0,0.0,2.0
user_150,9,3.0555555555555554,0.0,2.0,3.0,0.0,0.0,0.0,3.5,0.0
user_151,14,4.035714285714286,4.25,0.0,4.5,0.0,0.0,2.0,3.0,4.6
user_152,14,4.035714285714286,0.0,4.5,2.0,2.0,0.0,0.0,3.875,4.625
user_153,9,4.0,0.0,0.0,5.0,4.5,3.0,3.0,4.5,0.0
user_154,13,3.923076923076923,4.4,2.75,0.0,3.5,0.0,4.1,0.0,0.0
user_155,9,3.5555555555555554,2.5,2.5,0.0,0.0,2.5,0.0,4.166666666666667,2.0
user_156,8,3.5,0.0,0.0,3.0,3.8,0.0,3.0,0.0,3.0
user_157,9,3.9444444444444446,2.0,0.0,3.0,0.0,0.0,3.0,4.583333333333333,0.0
user_158,8,3.625,3.0,2.0,4.5,0.0,3.0,4.2,3.0,0.0
user_159,8,3.375,0.0,3.5,0.0,2.5,4.1,2.0,2.0,3.5
user_160,8,3.625,2.0,0.0,4.5,2.0,4.5,0.0,2.25,0.0
user_161,8,3.375,2.0,3.0,0.0,3.9,0.0,4.5,4.0,2.5
user_162,8,3.625,2.5,0.0,2.5,0.0,3.0,4.2,0.0,0.0
user_163,8,3.6875,2.5,4.4,2.5,0.0,0.0,0.0,0.0,2.5
user_164,8,3.4375,0.0,2.5,0.0,4.0,0.0,4.1,2.5,2.0
user_165,13,3.6923076923076925,0.0,2.25,3.0,4.0,0.0,4.083333333333333,3.5,0.0
user_166,14,3.642857142857143,4.0,2.5,0.0,4.5,3.0,3.0,3.9285714285714284,0.0
user_167,17,4.117647058823529,2.5,4.25,4.5,4.5,5.0,4.375,0.0,3.6666666666666665
user_168,18,4.111111111111111,4.0,3.25,2.0,3.9,3.5,4.642857142857143,0.0,4.25
user_169,14,3.7857142857142856,4.285714285714286,0.0,4.5,2.0,2.0,0.0,4.25,2.0
user_170,14,4.035714285714286,0.0,2.5,4.75,5.0,3.0,3.0,4.277777777777778,0.0
user_171,8,3.4375,4.1,0.0,0.0,3.25,0.0,2.5,3.5,0.0
user_172,8,3.5625,0.0,0.0,4.2,2.5,3.0,0.0,0.0,2.0
user_173,13,3.8461538461538463,4.2,2.0,3.5,0.0,0.0,4.4,0.0,3.75
user_174,8,3.8125,0.0,0.0,3.0,4.5,0.0,0.0,3.25,0.0
user_175,8,3.3125,0.0,0.0,2.5,2.0,0.0,4.0,2.0,0.0
user_176,8,4.0625,0.0,4.7,0.0,0.0,4.0,3.0,3.0,0.0
user_177,8,3.5625,4.3,0.0,0.0,5.0,2.0,2.5,3.0,0.0
user_178,9,3.611111111111111,0.0,0.0,0.0,2.0,0.0,2.0,2.5,4.25
user_179,8,3.4375,2.0,4.1,2.0,0.0,0.0,3.0,0.0,0.0
user_180,14,3.892857142857143,3.0,5.0,2.5,0.0,4.25,0.0,2.0,4.3
user_181,8,3.375,0.0,3.9,0.0,0.0,2.8333333333333335,0.0,0.0,3.25
user_182,18,4.0,4.0,3.5,2.0,4.2,0.0,4.25,5.0,4.0
user_183,8,3.5,2.25,0.0,5.0,0.0,3.0,4.1,0.0,0.0
user_184,8,3.6875,3.0,0.0,4.2,0.0,0.0,3.0,4.0,2.5
user_185,8,3.4375,0.0,4.0,2.5,0.0,0.0,2.5,0.0,4.0
user_186,9,3.3333333333333335,0.0,3.5,0.0,0.0,3.25,0.0,2.0,3.9166666666666665
user_187,13,3.730769230769231,0.0,3.0,2.0,4.0,0.0,4.083333333333333,3.25,0.0
user_188,8,3.4375,3.0,0.0,0.0,4.1,0.0,2.0,0.0,2.0
user_189,8,3.8125,2.5,4.6,0.0,0.0,3.0,0.0,0.0,2.0
user_190,14,3.75,0.0,0.0,0.0,3.9,2.5,0.0,4.285714285714286,2.0
user_191,14,3.6785714285714284,3.5,0.0,2.25,4.125,0.0,2.0,4.0,0.0
user_192,8,3.6875,0.0,0.0,2.75,0.0,4.2,0.0,3.0,3.0
user_193,8,3.625,0.0,0.0,3.25,0.0,0.0,4.1,3.0,3.0
user_194,9,3.4444444444444446,0.0,4.75,0.0,0.0,4.5,2.3333333333333335,0.0,4.0
user_195,13,3.730769230769231,2.0,4.214285714285714,0.0,4.333333333333333,0.0,0.0,0.0,2.0
user_196,8,3.8125,3.0,0.0,0.0,2.0,4.5,3.0,0.0,0.0
user_197,13,4.076923076923077,2.0,4.5,4.5,0.0,3.5,5.0,0.0,3.0
user_198,14,4.214285714285714,0.0,3.0,4.5,4.5,0.0,3.0,4.5,4.3
user_199,8,3.625,0.0,4.1,0.0,3.0,3.75,0.0,2.5,5.0
user_200,8,3.5,0.0,0.0,2.5,0.0,0.0,4.3,2.0,2.25
user_201,8,3.75,4.3,0.0,0.0,4.0,0.0,0.0,3.0,2.5
user_202,13,4.038461538461538,4.583333333333333,2.5,4.625,0.0,2.0,0.0,2.0,0.0
user_203,8,3.625,2.5,4.4,0.0,0.0,0.0,2.25,0.0,4.0
user_204,8,3.5,0.0,0.0,0.0,2.5,2.0,4.1,0.0,3.0
user_205,8,3.875,4.8,0.0,2.0,3.0,2.5,0.0,0.0,0.0
user_206,8,3.6875,2.25,0.0,2.0,0.0,0.0,4.6,2.0,0.0
user_207,8,3.6875,4.5,0.0,0.0,4.7,2.0,2.0,2.0,0.0
user_208,9,3.3333333333333335,0.0,2.5,3.5,2.75,2.5,0.0,3.8333333333333335,0.0
user_209,14,3.8214285714285716,5.0,0.0,4.166666666666667,3.5,2.5,2.0,4.416666666666667,0.0
user_210,8,3.75,0.0,0.0,3.25,2.5,0.0,4.6,0.0,2.5
user_211,8,3.625,0.0,4.5,0.0,2.25,4.3,0.0,3.0,0.0
user_212,8,3.6875,2.5,0.0,3.0,4.4,2.0,0.0,0.0,0.0
user_213,9,3.611111111111111,2.0,0.0,0.0,3.5,3.5,0.0,4.416666666666667,0.0
user_214,14,4.178571428571429,0.0,2.5,4.5,4.0,5.0,3.0,4.6,0.0
user_215,8,3.6875,0.0,2.75,4.4,0.0,5.0,0.0,0.0,3.25
user_216,14,3.857142857142857,2.5,0.0,0.0,2.0,4.071428571428571,0.0,2.0,4.625
user_217,9,3.7777777777777777,0.0,0.0,3.0,2.0,0.0,0.0,2.0,4.5
user_218,9,3.5,3.5,0.0,2.5,0.0,0.0,2.5,0.0,4.0
user_219,8,3.375,0.0,2.0,2.5,4.1,2.0,4.0,3.5,0.0
user_220,8,3.4375,3.0,3.9,0.0,2.5,2.5,0.0,0.0,0.0
user_221,8,3.75,2.0,0.0,0.0,4.4,3.0,0.0,4.5,3.0
user_222,8,3.375,0.0,0.0,2.0,0.0,3.0,4.0,0.0,0.0
user_223,8,3.6875,0.0,0.0,4.5,0.0,0.0,0.0,2.5,2.0
user_224,9,3.5,2.0,0.0,0.0,2.0,0.0,3.0,0.0,4.083333333333333
user_225,9,3.7777777777777777,2.5,0.0,0.0,0.0,3.0,0.0,4.333333333333333,2.5
user_226,9,3.7777777777777777,0.0,3.0,0.0,0.0,2.5,2.5,4.333333333333333,0.0
user_227,13,3.923076923076923,2.5,0.0,4.0,0.0,3.0,4.875,0.0,2.0
user_228,13,3.8846153846153846,0.0,4.5,4.25,0.0,5.0,2.3333333333333335,4.0,0.0
user_229,14,4.071428571428571,4.333333333333333,3.0,0.0,4.5,0.0,0.0,4.375,3.0
user_230,8,3.375,3.9,0.0,0.0,2.5,0.0,2.5,2.5,0.0
user_231,8,3.9375,2.25,0.0,0.0,3.0,4.8,0.0,0.0,0.0
user_232,8,3.6875,0.0,3.0,0.0,2.0,0.0,4.4,2.5,0.0
user_233,8,3.875,0.0,2.5,4.5,3.0,4.0,0.0,0.0,3.0
user_234,8,3.6875,2.5,0.0,4.3,0.0,0.0,2.75,4.0,0.0
user_235,8,3.5,0.0,0.0,4.3,0.0,0.0,0.0,2.5,2.0
user_236,8,3.625,0.0,2.75,0.0,0.0,2.5,4.2,2.5,0.0
user_237,14,4.0,3.0,0.0,4.0,4.5,3.5,3.875,4.5,2.5
user_238,14,3.6785714285714284,3.75,0.0,3.25,2.75,4.0,0.0,0.0,0.0
user_239,9,3.5555555555555554,0.0,0.0,0.0,3.0,0.0,2.0,0.0,4.166666666666667
user_240,8,3.5625,0.0,3.0,4.0,3.0,0.0,0.0,2.5,0.0
user_241,8,3.75,0.0,0.0,3.0,0.0,2.5,4.4,0.0,0.0
user_242,8,3.4375,0.0,0.0,4.0,0.0,3.0,0.0,3.1666666666666665,3.0
user_243,14,3.7142857142857144,0.0,4.25,2.0,0.0,3.5,3.9,2.5,4.166666666666667
user_244,13,4.153846153846154,0.0,4.875,4.333333333333333,3.0,0.0,5.0,4.0,2.5
user_245,13,3.423076923076923,3.6,2.0,0.0,0.0,0.0,4.0,2.25,4.0
user_246,8,3.8125,0.0,2.0,4.7,0.0,0.0,2.0,3.0,2.0
user_247,8,3.75,3.0,2.5,0.0,0.0,4.3,3.0,4.0,2.5
user_248,14,3.7857142857142856,4.2,0.0,2.0,0.0,4.25,0.0,2.6666666666666665,0.0
user_249,8,3.5625,4.3,3.0,2.0,0.0,0.0,2.0,4.5,0.0
user_250,8,3.6875,4.2,0.0,3.0,3.75,0.0,2.5,0.0,0.0
user_251,13,3.8076923076923075,2.0,4.5,0.0,2.5,0.0,0.0,2.0,4.214285714285714
user_252,8,3.75,0.0,2.5,0.0,4.5,0.0,0.0,3.75,2.5
user_253,8,3.3125,0.0,2.5,2.0,0.0,4.0,0.0,0.0,2.0
user_254,9,3.611111111111111,0.0,0.0,0.0,0.0,2.25,0.0,4.333333333333333,2.0
user_255,8,3.375,0.0,0.0,3.8,0.0,3.1666666666666665,0.0,0.0,3.25
user_256,9,3.7222222222222223,3.5,3.0,3.5,0.0,0.0,0.0,0.0,4.25
user_257,9,3.8333333333333335,2.0,0.0,2.5,3.0,0.0,0.0,4.5,0.0
user_258,8,3.75,0.0,4.2,3.0,3.0,0.0,0.0,0.0,3.0
user_259,14,3.9285714285714284,3.0,4.5,4.5,4.5,4.4,4.083333333333333,2.5,3.0
user_260,14,3.857142857142857,0.0,0.0,4.1875,0.0,2.75,0.0,3.875,4.0
user_261,8,3.4375,4.1,2.0,3.0,2.0,3.0,0.0,0.0,4.5
user_262,8,3.5,0.0,0.0,3.0,3.0,3.9,0.0,2.75,3.0
user_263,8,3.75,2.75,0.0,0.0,0.0,4.4,2.5,0.0,0.0
user_264,13,3.923076923076923,2.5,0.0,4.375,4.333333333333333,0.0,2.5,4.5,2.5
user_265,13,3.8076923076923075,4.0,0.0,2.75,4.214285714285714,0.0,0.0,3.75,2.5
user_266,8,3.625,0.0,4.3,2.5,0.0,2.0,3.0,0.0,2.5
user_267,8,3.625,2.75,0.0,3.25,0.0,4.1,0.0,0.0,2.5
user_268,13,4.153846153846154,0.0,4.5,2.5,0.0,2.5,2.5,3.0,4.75
user_269,8,3.3125,0.0,0.0,2.0,0.0,3.9,2.5,0.0,0.0
user_270,9,3.9444444444444446,0.0,3.0,0.0,0.0,2.5,0.0,4.583333333333333,0.0
user_271,8,3.4375,3.0,2.0,0.0,0.0,0.0,4.0,2.5,0.0
user_272,9,3.7777777777777777,2.5,0.0,2.5,0.0,3.0,0.0,0.0,4.333333333333333
user_273,9,3.4444444444444446,0.0,0.0,0.0,0.0,2.5,2.5,0.0,3.9166666666666665
user_274,8,3.625,0.0,0.0,2.0,4.3,0.0,2.5,3.0,0.0
user_275,13,3.9615384615384617,0.0,5.0,4.333333333333333,2.0,4.357142857142857,0.0,5.0,3.0
user_276,8,3.4375,3.0,2.5,0.0,4.1,0.0,0.0,4.0,2.5
user_277,8,3.375,0.0,2.25,4.1,2.0,2.0,4.5,0.0,2.0
user_278,9,3.7777777777777777,0.0,2.0,0.0,0.0,3.0,0.0,4.5,2.0
user_279,8,3.6875,0.0,3.0,4.3,0.0,4.5,2.8333333333333335,0.0,0.0
user_280,14,3.9285714285714284,0.0,3.0,3.875,0.0,3.0,0.0,2.5,4.571428571428571
user_281,9,3.9444444444444446,0.0,0.0,0.0,4.25,3.0,3.0,4.5,2.5
user_282,8,3.5,4.2,0.0,0.0,2.0,3.0,0.0,2.0,4.5
user_283,13,3.730769230769231,3.1666666666666665,4.0,0.0,2.0,4.0,0.0,2.0,4.4
user_284,8,3.625,0.0,4.3,2.0,0.0,3.0,2.5,0.0,0.0
user_285,13,3.8076923076923075,0.0,0.0,0.0,4.1,2.0,4.3,3.0,2.5
user_286,22,4.25,0.0,4.0,4.583333333333333,5.0,4.083333333333333,2.5,5.0,4.0
user_287,8,3.6875,2.5,0.0,3.0,2.5,0.0,4.3,0.0,0.0
user_288,17,4.029411764705882,0.0,4.4,3.75,2.5,4.416666666666667,0.0,0.0,0.0
user_289,18,4.138888888888889,4.0,4.5,5.0,4.125,4.5,4.8,2.25,4.214285714285714
user_290,8,3.6875,4.4,0.0,2.0,0.0,3.0,2.5,0.0,0.0
user_291,13,3.576923076923077,0.0,0.0,3.9166666666666665,2.5,4.0,2.6666666666666665,0.0,0.0
user_292,19,4.052631578947368,4.3,4.0,3.0,5.0,4.0,3.0,4.166666666666667,4.214285714285714
user_293,9,3.7222222222222223,0.0,0.0,4.0,2.0,2.5,0.0,4.333333333333333,3.0
user_294,8,3.6875,4.0,2.25,0.0,4.4,0.0,0.0,4.0,0.0
user_295,18,4.166666666666667,0.0,0.0,4.0,4.75,0.0,3.0,4.5,3.0
user_296,14,3.857142857142857,4.4,2.0,0.0,2.0,3.0,0.0,0.0,4.285714285714286
user_297,8,3.625,4.4,0.0,0.0,0.0,0.0,2.5,0.0,2.0
user_298,8,3.625,2.0,4.3,0.0,2.75,4.0,0.0,0.0,3.0
user_299,8,3.375,4.0,2.0,2.5,0.0,2.5,0.0,2.5,3.5
user_300,8,3.375,0.0,0.0,2.75,0.0,4.0,0.0,2.0,3.0
user_301,8,3.5,2.0,0.0,4.5,0.0,4.1,2.5,3.0,0.0
user_302,14,3.9642857142857144,3.5,2.0,4.5,4.5,0.0,2.0,4.5,0.0
user_303,8,3.0625,0.0,3.0,0.0,2.0,0.0,3.5,2.0,0.0
user_304,8,3.5625,4.4,2.0,2.0,0.0,0.0,2.5,0.0,0.0
user_305,8,3.75,0.0,4.4,0.0,2.5,0.0,2.5,0.0,3.0
user_306,9,3.7222222222222223,3.25,4.5,0.0,0.0,4.5,2.5,0.0,4.416666666666667
user_307,8,3.5625,3.0,0.0,4.0,2.8333333333333335,0.0,0.0,0.0,0.0
user_308,8,3.875,2.0,0.0,3.0,4.5,2.5,4.7,3.0,0.0
user_309,8,3.625,4.3,2.75,2.0,0.0,0.0,0.0,4.0,0.0
user_310,8,3.75,0.0,0.0,0.0,0.0,0.0,4.6,2.0,3.0
user_311,13,3.6538461538461537,3.6666666666666665,3.0,0.0,4.142857142857143,2.5,3.0,0.0,0.0
user_312,8,3.625,3.0,4.2,0.0,0.0,0.0,3.0,0.0,2.75
user_313,8,3.625,0.0,0.0,0.0,0.0,0.0,4.3,2.5,2.5
user_314,8,3.75,2.0,0.0,0.0,3.0,0.0,4.4,0.0,0.0
user_315,8,3.8125,4.5,0.0,3.0,0.0,0.0,3.0,4.0,2.0
user_316,8,3.4375,0.0,4.0,2.5,0.0,2.5,0.0,0.0,0.0
user_317,14,3.6785714285714284,3.0,2.0,3.0,0.0,3.8,4.083333333333333,3.0,0.0
user_318,8,3.6875,4.6,0.0,0.0,3.5,0.0,2.0,2.0,2.5
user_319,13,3.6538461538461537,2.0,0.0,4.0,3.75,0.0,4.25,2.75,0.0
user_320,8,3.375,2.5,0.0,0.0,0.0,0.0,4.0,0.0,2.0
user_321,9,3.5555555555555554,0.0,3.5,2.0,0.0,3.25,0.0,2.0,4.166666666666667
user_322,14,3.6785714285714284,3.0,2.0,4.25,0.0,0.0,2.0,0.0,4.0
user_323,13,3.8846153846153846,2.0,4.5,4.2,0.0,0.0,0.0,3.0,2.0
user_324,9,3.888888888888889,3.0,2.5,2.5,0.0,0.0,0.0,0.0,4.5
user_325,9,3.4444444444444446,3.5,0.0,0.0,2.25,0.0,2.0,0.0,4.083333333333333
user_326,9,3.7777777777777777,2.5,2.5,0.0,0.0,0.0,0.0,4.416666666666667,0.0
user_327,8,4.0,4.8,0.0,2.0,0.0,3.0,0.0,3.75,5.0
user_328,8,3.9375,4.5,0.0,3.0,3.5,0.0,0.0,0.0,3.0
user_329,8,3.5625,0.0,0.0,3.0,4.0,0.0,4.1,2.0,3.0
user_330,9,3.4444444444444446,3.5,0.0,0.0,3.25,0.0,0.0,3.75,2.75
user_331,8,3.625,2.0,2.5,0.0,0.0,2.5,4.3,3.0,2.5
user_332,8,3.5,0.0,2.0,4.2,0.0,0.0,5.0,2.5,0.0
user_333,18,4.111111111111111,0.0,3.0,2.0,4.428571428571429,0.0,4.3,4.3,2.0
user_334,8,4.0,4.8,0.0,0.0,2.0,3.0,0.0,4.5,4.0
user_335,8,3.625,0.0,0.0,4.2,2.0,0.0,3.0,0.0,4.0
user_336,9,3.6666666666666665,0.0,3.0,0.0,5.0,2.5,0.0,4.166666666666667,2.5
user_337,8,3.875,0.0,4.6,0.0,2.5,4.0,0.0,2.5,3.0
user_338,14,3.75,0.0,0.0,4.333333333333333,3.5,3.0,3.5,3.9375,2.0
user_339,14,4.0,0.0,2.5,0.0,0.0,0.0,4.214285714285714,4.3,2.5
user_340,13,3.8461538461538463,3.0,3.75,4.416666666666667,0.0,3.5,0.0,3.5,0.0
user_341,8,3.625,0.0,2.0,4.5,0.0,2.5,0.0,0.0,0.0
user_342,8,3.4375,2.5,4.1,0.0,0.0,3.5,2.5,2.0,3.5
user_343,18,4.083333333333333,4.0,4.5,0.0,2.5,0.0,0.0,4.166666666666667,0.0
user_344,18,3.9166666666666665,0.0,4.0,3.0,0.0,4.214285714285714,0.0,2.5,4.3
user_345,9,3.5,0.0,2.0,0.0,4.0,4.5,0.0,4.25,2.0
user_346,14,4.035714285714286,4.333333333333333,0.0,0.0,2.75,4.4,0.0,3.0,0.0
user_347,8,3.6875,0.0,0.0,4.4,0.0,0.0,0.0,3.0,2.25
user_348,8,3.6875,0.0,2.0,4.6,2.5,0.0,5.0,0.0,0.0
user_349,14,3.857142857142857,2.5,0.0,2.0,3.0,4.333333333333333,2.0,0.0,4.1
user_350,8,3.5,0.0,2.5,4.1,0.0,0.0,0.0,2.5,2.5
user_351,8,3.8125,0.0,0.0,3.0,4.4,0.0,0.0,4.5,2.75
user_352,8,3.875,0.0,0.0,2.0,2.5,4.7,3.0,0.0,0.0
user_353,18,3.8055555555555554,4.0,0.0,2.5,2.0,4.0,4.0,0.0,0.0
user_354,8,3.6875,2.5,0.0,3.5,3.0,4.3,0.0,2.5,0.0
user_355,23,4.173913043478261,4.166666666666667,4.166666666666667,4.5,3.0,5.0,4.5,3.0,0.0
user_356,8,3.875,0.0,0.0,4.7,3.0,0.0,0.0,3.5,2.5
user_357,13,3.8461538461538463,0.0,2.6666666666666665,4.4,4.0,0.0,3.5,4.0,0.0
user_358,8,3.5625,0.0,0.0,2.5,4.2,0.0,3.0,0.0,2.5
user_359,9,3.7777777777777777,0.0,3.0,4.0,3.5,2.5,0.0,4.25,0.0
user_360,8,3.6875,0.0,0.0,2.0,2.5,4.4,0.0,3.0,0.0
user_361,13,3.8461538461538463,2.5,4.0,3.0,4.5,0.0,4.214285714285714,0.0,3.0
user_362,8,3.625,3.0,0.0,0.0,4.4,2.0,2.5,0.0,2.5
user_363,8,3.75,2.5,2.5,0.0,0.0,4.5,0.0,4.5,2.75
user_364,8,3.5,3.0,0.0,4.0,2.0,0.0,0.0,2.0,3.0
user_365,13,4.115384615384615,3.0,3.0,4.333333333333333,0.0,4.625,4.5,4.5,3.25
user_366,14,4.142857142857143,0.0,2.5,0.0,4.571428571428571,2.5,4.0,4.6,3.0
user_367,14,3.9285714285714284,3.25,2.0,0.0,4.571428571428571,4.0,5.0,4.75,3.0
user_368,9,3.7222222222222223,0.0,2.5,3.5,0.0,2.5,0.0,4.333333333333333,0.0
user_369,9,3.611111111111111,3.0,0.0,2.0,2.5,0.0,0.0,0.0,4.166666666666667
user_370,13,3.769230769230769,4.1,2.5,0.0,0.0,2.5,4.1,2.5,3.5
user_371,8,3.375,0.0,0.0,3.9,0.0,0.0,2.75,3.0,0.0
user_372,8,3.625,0.0,2.5,4.2,0.0,3.0,0.0,3.25,0.0
user_373,14,3.9642857142857144,3.25,0.0,0.0,4.416666666666667,4.5,2.0,4.0,0.0
user_374,9,3.388888888888889,2.5,0.0,4.0,2.5,2.5,0.0,3.8333333333333335,0.0
user_375,14,3.5714285714285716,3.5,2.5,3.7,4.0,0.0,3.0,3.7857142857142856,3.0
user_376,8,3.5625,4.3,0.0,3.0,4.5,0.0,2.0,2.0,5.0
user_377,13,3.8461538461538463,4.375,0.0,4.166666666666667,2.0,0.0,3.5,0.0,2.5
user_378,14,3.857142857142857,2.0,2.5,4.5,4.5,3.0,0.0,3.75,0.0
user_379,8,3.625,4.4,0.0,2.0,3.0,0.0,0.0,0.0,2.0
user_380,8,3.8125,0.0,3.0,4.5,0.0,0.0,3.5,3.0,3.5
user_381,8,3.6875,2.0,4.4,3.0,2.0,2.5,0.0,0.0,0.0
user_382,13,3.730769230769231,2.5,4.0,0.0,4.25,3.5,0.0,2.0,3.25
user_383,8,3.8125,4.5,3.0,2.5,2.5,0.0,0.0,0.0,0.0
user_384,14,3.6785714285714284,0.0,4.5,0.0,3.8333333333333335,3.5,3.0,0.0,4.2
user_385,18,4.25,3.0,0.0,4.333333333333333,4.375,0.0,0.0,3.0,4.5
user_386,13,3.8461538461538463,0.0,4.166666666666667,4.0,2.0,0.0,4.285714285714286,2.5,3.5
user_387,8,3.6875,2.5,4.6,0.0,2.0,0.0,0.0,0.0,0.0
user_388,9,3.888888888888889,2.0,0.0,0.0,3.0,0.0,3.0,4.666666666666667,0.0
user_389,9,3.7777777777777777,0.0,2.0,0.0,3.0,0.0,0.0,4.333333333333333,3.0
user_390,8,3.6875,0.0,0.0,4.4,0.0,5.0,2.5,3.1666666666666665,4.0
user_391,13,3.8461538461538463,3.0,4.0,4.333333333333333,2.0,3.0,0.0,0.0,4.5
user_392,8,3.625,0.0,0.0,4.3,3.0,5.0,0.0,2.6666666666666665,4.5
user_393,14,4.214285714285714,0.0,0.0,3.0,3.5,0.0,4.625,4.375,0.0
user_394,8,3.75,0.0,4.5,0.0,2.5,0.0,3.0,2.0,0.0
user_395,8,3.3125,0.0,0.0,4.0,2.0,0.0,0.0,2.5,2.0
user_396,14,4.25,4.0,0.0,3.25,3.0,0.0,0.0,4.125,4.6875
user_397,17,4.323529411764706,4.5,4.7,4.4,4.6,0.0,0.0,3.25,3.0
user_398,8,3.5,2.5,0.0,0.0,0.0,2.25,4.2,0.0,0.0
user_399,8,3.9375,0.0,2.5,0.0,4.6,0.0,3.0,3.75,0.0
user_400,8,3.3125,0.0,3.0,0.0,0.0,3.8,2.25,0.0,0.0
user_401,8,3.8125,0.0,4.5,0.0,0.0,3.0,2.5,3.0,3.5
user_402,8,3.625,3.0,0.0,0.0,2.0,0.0,4.4,0.0,2.0
user_403,8,3.4375,0.0,4.1,0.0,0.0,2.0,3.0,0.0,0.0
user_404,8,3.6875,0.0,3.0,0.0,5.0,0.0,4.4,2.5,2.0
user_405,8,3.5,3.0,2.5,4.1,0.0,0.0,0.0,3.0,3.25
user_406,8,3.875,0.0,0.0,3.0,4.5,0.0,2.5,5.0,0.0
user_407,13,4.038461538461538,4.375,0.0,0.0,0.0,0.0,4.5,0.0,2.6666666666666665
user_408,8,3.875,2.5,2.0,2.0,0.0,0.0,4.9,0.0,0.0
user_409,9,3.7777777777777777,0.0,0.0,0.0,0.0,2.25,0.0,4.416666666666667,3.0
user_410,9,3.388888888888889,2.0,2.0,3.5,0.0,0.0,2.0,4.083333333333333,0.0
user_411,14,3.9285714285714284,0.0,4.0,0.0,3.5,4.1,0.0,4.214285714285714,2.5
user_412,8,3.625,0.0,0.0,2.5,0.0,4.4,0.0,2.25,0.0
user_413,8,3.75,4.4,2.0,3.0,0.0,3.0,0.0,0.0,0.0
user_414,8,3.8125,3.0,4.6,0.0,2.5,5.0,2.0,0.0,0.0
user_415,14,3.9285714285714284,4.4,3.0,2.5,0.0,0.0,0.0,4.166666666666667,2.5
user_416,19,4.2631578947368425,4.0,4.666666666666667,0.0,2.5,4.0,0.0,4.214285714285714,4.5625
user_417,8,3.625,2.5,4.4,0.0,2.5,4.5,2.0,0.0,0.0
user_418,13,3.8076923076923075,0.0,4.2,3.0,0.0,2.0,0.0,3.0,4.1
user_419,8,3.6875,5.0,3.0,0.0,4.2,0.0,4.5,0.0,2.5
user_420,17,4.088235294117647,2.0,4.375,4.5,4.285714285714286,2.0,0.0,5.0,0.0
user_421,14,4.285714285714286,0.0,0.0,0.0,3.0,4.6,0.0,4.5,0.0
user_422,9,3.611111111111111,0.0,0.0,0.0,3.25,2.0,0.0,4.25,2.5
user_423,9,3.5,0.0,0.0,2.5,0.0,2.0,0.0,4.166666666666667,2.0
user_424,19,4.157894736842105,0.0,3.0,4.25,4.5,0.0,2.5,4.2272727272727275,4.5
user_425,14,4.0,4.375,3.0,2.5,3.5,5.0,2.0,4.375,3.75
user_426,8,3.625,2.0,3.0,4.3,0.0,2.5,5.0,3.75,0.0
user_427,8,3.375,0.0,0.0,4.2,0.0,3.5,2.0,3.25,3.5
user_428,8,3.6875,4.6,2.0,0.0,0.0,2.25,0.0,0.0,2.0
user_429,8,3.4375,2.25,0.0,0.0,0.0,0.0,4.0,0.0,3.0
user_430,8,3.625,2.5,0.0,0.0,0.0,4.1,3.0,3.75,0.0
user_431,8,3.6875,0.0,4.4,3.0,0.0,0.0,0.0,2.5,2.0
user_432,18,4.25,2.75,0.0,4.5,4.916666666666667,0.0,2.5,4.333333333333333,0.0
user_433,13,3.8846153846153846,0.0,4.375,0.0,2.5,2.5,0.0,2.25,4.333333333333333
user_434,14,3.6785714285714284,3.9375,0.0,0.0,0.0,4.333333333333333,2.5,0.0,2.25
user_435,14,3.7142857142857144,0.0,3.0,3.9375,4.5,2.5,3.0,4.5,0.0
user_436,9,3.6666666666666665,0.0,2.5,0.0,0.0,3.0,3.0,4.083333333333333,0.0
user_437,13,4.038461538461538,0.0,2.0,4.5,3.0,0.0,4.416666666666667,3.0,5.0
user_438,8,3.8125,2.5,0.0,4.4,3.0,0.0,3.0,0.0,3.0
user_439,8,3.6875,4.2,2.75,3.0,0.0,0.0,0.0,3.75,0.0
user_440,13,3.8076923076923075,2.75,4.071428571428571,0.0,2.5,0.0,2.5,4.125,0.0
user_441,14,4.0,0.0,0.0,4.25,2.5,4.125,3.0,4.4,0.0
user_442,9,3.888888888888889,0.0,0.0,5.0,3.0,0.0,0.0,2.5,4.416666666666667
user_443,9,3.9444444444444446,0.0,0.0,2.0,3.25,2.5,0.0,4.75,0.0
user_444,8,3.375,0.0,3.8,2.5,2.5,0.0,3.0,0.0,0.0
user_445,14,3.7142857142857144,0.0,2.5,4.333333333333333,2.5,0.0,3.0,0.0,3.875
user_446,8,3.875,3.0,0.0,4.4,3.0,0.0,0.0,0.0,3.0
user_447,14,3.857142857142857,0.0,0.0,4.5,0.0,3.0,2.0,3.8,3.0
user_448,8,3.625,4.2,0.0,0.0,2.5,0.0,0.0,2.75,2.5
user_449,8,3.8125,0.0,4.7,2.0,2.0,2.0,0.0,3.0,0.0
user_450,8,3.625,0.0,0.0,0.0,4.2,0.0,2.5,3.0,2.5
user_451,8,3.9375,0.0,3.0,3.0,4.5,0.0,0.0,4.0,0.0
user_452,14,4.035714285714286,2.0,3.5,5.0,0.0,0.0,0.0,4.2,4.428571428571429
user_453,8,3.3125,2.0,2.5,0.0,2.0,0.0,3.9,2.5,0.0
user_454,14,3.7142857142857144,4.0,3.5,2.5,4.0,4.071428571428571,0.0,2.5,3.5
user_455,9,3.6666666666666665,0.0,0.0,0.0,2.8333333333333335,0.0,0.0,4.25,2.5
user_456,9,3.8333333333333335,0.0,2.25,0.0,0.0,3.0,0.0,4.5,0.0
user_457,8,3.5,3.0,2.75,4.5,0.0,4.2,0.0,0.0,2.0
user_458,8,3.625,4.0,0.0,3.0,4.3,0.0,2.25,0.0,0.0
user_459,14,3.9285714285714284,2.5,2.5,0.0,4.416666666666667,2.0,0.0,4.3,0.0
user_460,13,3.730769230769231,4.2,0.0,0.0,2.25,2.0,4.2,5.0,0.0
user_461,14,4.214285714285714,3.0,2.0,4.75,0.0,4.6,0.0,4.428571428571429,0.0
user_462,8,3.6875,0.0,0.0,0.0,2.0,4.4,2.5,0.0,3.0
user_463,8,3.4375,4.0,0.0,3.0,3.5,0.0,0.0,0.0,2.0
user_464,8,3.6875,4.5,2.5,0.0,0.0,0.0,0.0,3.75,2.0
user_465,8,4.0625,3.0,5.0,0.0,3.0,4.7,0.0,3.0,5.0
user_466,8,3.8125,2.5,0.0,2.0,4.0,0.0,4.7,0.0,0.0
user_467,8,3.5625,0.0,0.0,2.0,0.0,2.5,4.2,0.0,3.0
user_468,9,3.5,0.0,0.0,3.0,4.0,0.0,0.0,4.083333333333333,2.0
user_469,8,3.6875,0.0,2.5,0.0,3.0,0.0,4.4,2.0,0.0
user_470,20,4.225,0.0,0.0,3.3333333333333335,0.0,0.0,4.125,4.5,4.7
user_471,13,3.6923076923076925,2.0,0.0,4.1,0.0,2.0,4.2,3.0,0.0
user_472,9,3.5,0.0,0.0,5.0,3.75,0.0,2.5,3.9166666666666665,3.0
user_473,8,3.6875,2.25,0.0,0.0,0.0,4.4,3.0,0.0,0.0
user_474,8,3.25,4.0,2.0,0.0,2.0,0.0,2.0,0.0,0.0
user_475,13,4.115384615384615,3.0,4.333333333333333,4.625,0.0,3.0,0.0,4.0,3.5
user_476,18,3.861111111111111,3.0,3.0,5.0,4.055555555555555,0.0,4.166666666666667,4.25,3.875
user_477,8,3.375,2.5,2.5,0.0,0.0,3.9,0.0,4.0,2.5
user_478,18,4.194444444444445,4.375,0.0,4.416666666666667,3.0,4.25,0.0,4.0,5.0
user_479,13,3.6923076923076925,3.0,0.0,0.0,3.7,3.0,4.166666666666667,0.0,2.0
user_480,8,3.6875,4.4,2.5,2.5,3.75,0.0,0.0,0.0,4.0
user_481,8,3.625,2.25,0.0,4.3,0.0,3.0,4.0,3.5,0.0
user_482,9,3.888888888888889,0.0,4.5,3.5,0.0,3.3333333333333335,3.0,0.0,4.416666666666667
user_483,8,3.625,0.0,0.0,4.3,2.5,5.0,0.0,2.5,0.0
user_484,8,3.625,0.0,4.4,2.0,0.0,3.75,0.0,0.0,3.75
user_485,14,3.6785714285714284,4.25,2.0,3.0,2.75,3.0,0.0,2.0,3.5
user_486,13,4.076923076923077,4.625,0.0,4.5,0.0,3.5,2.5,4.75,0.0
user_487,8,3.8125,0.0,2.0,2.5,0.0,0.0,4.6,3.0,0.0
user_488,8,4.0,2.0,2.5,4.9,0.0,0.0,4.0,2.0,0.0
user_489,18,4.111111111111111,3.25,3.75,5.0,4.0,2.75,4.3,0.0,4.4375
user_490,9,3.5555555555555554,0.0,0.0,3.0,2.5,2.0,0.0,4.083333333333333,0.0
user_491,8,3.5,0.0,2.0,0.0,4.2,2.5,0.0,2.5,0.0
user_492,8,3.5625,0.0,0.0,4.3,0.0,0.0,4.0,3.25,2.25
user_493,9,3.4444444444444446,3.5,0.0,0.0,2.0,0.0,2.5,0.0,4.083333333333333
user_494,9,3.7222222222222223,0.0,2.5,3.0,0.0,0.0,0.0,2.75,4.25
user_495,8,3.75,5.0,3.0,0.0,4.5,2.5,4.5,2.5,0.0
user_496,8,3.4375,4.3,0.0,0.0,2.0,0.0,2.0,0.0,0.0
user_497,8,3.875,0.0,0.0,0.0,4.7,0.0,2.5,0.0,0.0
user_498,8,3.875,2.5,0.0,0.0,3.0,0.0,4.6,2.5,0.0
user_499,17,3.911764705882353,0.0,4.25,4.375,0.0,2.75,3.7,4.5,3.25
user_500,14,3.9642857142857144,4.0,3.5,0.0,4.5,2.75,0.0,2.0,4.285714285714286
user_501,17,3.9705882352941178,4.166666666666667,4.25,0.0,0.0,3.9285714285714284,2.75,4.0,3.5
user_502,8,3.5625,0.0,4.1,0.0,0.0,2.75,2.5,0.0,0.0
user_503,14,3.5714285714285716,0.0,3.5,4.0,2.5,2.8333333333333335,0.0,0.0,3.8333333333333335
user_504,9,3.6666666666666665,0.0,2.75,0.0,0.0,0.0,2.0,0.0,4.25
user_505,8,4.1875,0.0,0.0,0.0,2.75,3.0,5.0,0.0,0.0
user_506,8,3.6875,0.0,4.5,2.5,2.5,2.0,0.0,0.0,0.0
user_507,23,4.065217391304348,3.9,4.0,4.166666666666667,5.0,4.0,3.0,4.666666666666667,4.166666666666667
user_508,8,3.375,2.5,0.0,4.0,0.0,0.0,2.25,2.5,0.0
user_509,13,3.769230769230769,4.25,2.5,2.5,4.166666666666667,0.0,3.5,0.0,0.0
user_510,9,3.4444444444444446,0.0,2.5,2.0,3.5,0.0,0.0,4.0,2.5
user_511,19,4.105263157894737,4.2,2.5,3.75,0.0,0.0,4.083333333333333,4.5,0.0
user_512,8,3.4375,3.9,2.0,3.0,0.0,0.0,0.0,0.0,0.0
user_513,13,4.0,2.0,4.25,0.0,2.5,4.75,2.0,0.0,0.0
user_514,9,3.7777777777777777,0.0,5.0,0.0,2.5,4.0,2.0,0.0,4.416666666666667
user_515,18,4.25,3.0,4.5,4.125,0.0,4.0,4.5,3.5,4.5
user_516,8,3.375,4.0,0.0,2.5,2.5,0.0,2.0,0.0,0.0
user_517,9,3.5555555555555554,0.0,0.0,2.8333333333333335,0.0,3.0,2.5,4.083333333333333,0.0
user_518,14,4.071428571428571,4.6,2.0,0.0,0.0,4.416666666666667,0.0,0.0,2.75
user_519,14,3.857142857142857,2.0,3.5,2.0,4.0,4.0,0.0,4.125,4.1875
user_520,8,3.5,0.0,0.0,4.1,2.5,0.0,0.0,3.0,0.0
user_521,8,3.25,0.0,2.0,4.0,0.0,0.0,2.75,2.75,0.0
user_522,13,3.730769230769231,3.8,0.0,4.6,2.25,0.0,0.0,0.0,2.75
user_523,8,3.75,2.5,4.5,0.0,0.0,0.0,3.0,0.0,2.0
user_524,8,3.625,0.0,0.0,0.0,0.0,0.0,4.3,2.5,2.5
user_525,14,4.0,3.5,3.0,0.0,0.0,0.0,0.0,4.0,4.5
user_526,14,3.7857142857142856,0.0,3.25,2.5,4.0,3.9166666666666665,4.4,0.0,4.0
user_527,8,3.625,0.0,0.0,4.1,3.0,4.0,2.75,0.0,0.0
user_528,14,3.892857142857143,3.0,2.5,0.0,4.142857142857143,3.0,0.0,0.0,4.25
user_529,8,3.75,2.0,4.5,0.0,0.0,0.0,2.5,0.0,3.0
user_530,18,4.222222222222222,4.571428571428571,0.0,3.0,4.25,0.0,4.5,3.6666666666666665,4.375
user_531,14,4.0,4.416666666666667,2.0,0.0,0.0,0.0,0.0,2.5,4.5
user_532,14,4.0,3.0,0.0,0.0,4.333333333333333,4.5,5.0,3.0,0.0
user_533,9,3.5555555555555554,3.25,4.0,0.0,0.0,4.5,0.0,2.25,4.083333333333333
user_534,8,3.875,0.0,3.0,0.0,0.0,0.0,4.6,2.5,2.5
user_535,9,3.8333333333333335,3.25,0.0,0.0,3.0,3.0,3.0,0.0,4.25
user_536,13,3.769230769230769,4.0,0.0,0.0,4.5,0.0,3.1666666666666665,3.0,0.0
user_537,8,3.875,2.5,0.0,0.0,0.0,4.7,3.0,2.0,0.0
user_538,8,3.625,0.0,0.0,3.0,4.4,0.0,2.0,5.0,0.0
user_539,8,3.3125,3.7,2.5,0.0,3.0,2.5,2.5,3.5,2.5
user_540,14,4.142857142857143,4.666666666666667,0.0,0.0,2.0,3.0,2.0,0.0,4.625
user_541,13,4.115384615384615,0.0,4.916666666666667,2.0,0.0,4.4,2.0,4.5,3.0
user_542,9,3.8333333333333335,2.5,0.0,0.0,0.0,2.75,0.0,0.0,4.416666666666667
user_543,18,3.9166666666666665,3.0,3.9,4.125,4.0,0.0,0.0,4.214285714285714,3.0
user_544,18,4.194444444444445,3.0,3.0,4.3125,4.125,4.0,4.0,0.0,4.625
user_545,14,4.0,0.0,0.0,2.0,4.7,0.0,3.0,3.5,4.083333333333333
user_546,14,4.178571428571429,2.5,0.0,4.5,0.0,4.5,0.0,4.333333333333333,3.0
user_547,14,3.7857142857142856,0.0,0.0,2.5,2.0,4.333333333333333,0.0,3.9444444444444446,0.0
user_548,9,3.4444444444444446,2.25,2.5,0.0,5.0,2.5,0.0,4.0,2.5
user_549,9,3.5555555555555554,0.0,0.0,5.0,0.0,2.25,0.0,4.166666666666667,2.5
user_550,9,3.611111111111111,5.0,3.0,3.0,3.5,0.0,0.0,4.0,3.0
user_551,8,3.375,0.0,0.0,2.0,4.1,0.0,0.0,3.75,2.0
user_552,8,3.4375,2.0,0.0,2.5,0.0,4.2,2.0,0.0,0.0
user_553,8,3.5625,2.0,0.0,4.5,3.0,0.0,4.3,2.0,0.0
user_554,23,4.108695652173913,0.0,2.0,4.125,3.5,4.5,4.125,4.388888888888889,4.333333333333333
user_555,8,3.5,4.1,0.0,0.0,0.0,0.0,3.0,2.25,5.0
user_556,8,3.875,0.0,4.6,0.0,2.5,4.5,0.0,2.75,4.5
user_557,8,3.375,0.0,2.0,0.0,2.0,4.1,2.5,0.0,0.0
user_558,13,3.8461538461538463,2.25,4.083333333333333,0.0,0.0,4.5,0.0,3.0,0.0
user_559,13,3.6923076923076925,2.5,0.0,3.8333333333333335,2.5,4.375,3.25,0.0,0.0
user_560,14,3.857142857142857,2.5,0.0,0.0,2.0,4.0,2.5,0.0,4.5
user_561,8,3.25,2.0,3.5,2.0,0.0,3.9,0.0,2.5,3.5
user_562,8,3.5625,4.3,0.0,3.0,0.0,2.0,0.0,0.0,0.0
user_563,13,3.8076923076923075,0.0,4.0,0.0,0.0,2.5,4.75,2.0,2.0
user_564,8,3.625,2.0,0.0,4.4,0.0,2.5,3.5,0.0,2.0
user_565,8,3.3125,4.0,0.0,2.5,3.9,2.5,2.0,2.5,0.0
user_566,9,3.388888888888889,2.5,0.0,2.0,3.0,0.0,0.0,4.0,0.0
user_567,8,3.875,2.5,0.0,0.0,0.0,0.0,4.7,0.0,2.0
user_568,13,3.769230769230769,0.0,0.0,3.0,4.0,0.0,4.3,2.0,2.5
user_569,13,3.6153846153846154,0.0,4.125,2.5,0.0,3.5,3.6666666666666665,3.0,4.0
user_570,8,3.8125,3.25,0.0,0.0,4.4,3.0,2.5,4.75,0.0
user_571,8,3.25,2.0,0.0,0.0,2.0,3.9,2.5,3.5,0.0
user_572,14,3.9285714285714284,2.5,4.5,0.0,4.0,4.5,2.75,3.5,4.75
user_573,14,4.071428571428571,3.0,4.0,3.0,0.0,4.416666666666667,4.4,2.5,0.0
user_574,8,3.6875,0.0,2.0,0.0,4.5,0.0,4.5,3.0,0.0
user_575,8,3.25,0.0,4.0,0.0,2.0,0.0,2.0,0.0,2.0
user_576,13,3.8076923076923075,0.0,4.142857142857143,2.5,4.5,2.0,2.5,0.0,4.5
user_577,8,3.4375,0.0,0.0,4.0,0.0,0.0,0.0,2.5,0.0
user_578,8,3.5625,4.1,0.0,3.0,0.0,0.0,0.0,2.5,0.0
user_579,8,3.9375,3.0,2.5,0.0,0.0,4.7,0.0,2.5,0.0
user_580,9,3.5555555555555554,0.0,4.0,2.5,2.5,0.0,0.0,0.0,4.083333333333333
user_581,14,3.9642857142857144,0.0,0.0,4.5,3.0,0.0,4.3,2.0,4.5
user_582,13,3.769230769230769,0.0,4.3,0.0,2.5,0.0,0.0,2.5,4.0
user_583,8,3.6875,2.5,0.0,0.0,4.4,2.0,3.0,3.5,0.0
user_584,14,3.75,0.0,0.0,0.0,4.0,4.0,2.5,3.9,2.5
user_585,8,3.625,0.0,0.0,0.0,2.0,4.2,3.0,3.0,0.0
user_586,17,4.176470588235294,4.5,4.333333333333333,3.0,4.0,3.0,0.0,4.25,0.0
user_587,8,3.3125,4.1,0.0,0.0,0.0,2.0,2.0,0.0,2.0
user_588,8,3.6875,3.0,0.0,0.0,4.4,0.0,4.0,2.0,0.0
user_589,8,3.75,0.0,0.0,3.0,4.2,0.0,4.0,3.0,0.0
user_590,8,3.5,0.0,4.3,2.5,0.0,2.0,2.5,0.0,2.0
user_591,9,3.3333333333333335,0.0,3.0,0.0,0.0,3.0,0.0,2.0,3.8333333333333335
user_592,13,3.769230769230769,2.0,3.9,0.0,4.5,2.5,2.5,2.0,0.0
user_593,8,3.375,0.0,4.1,0.0,0.0,3.5,0.0,2.0,2.0
user_594,13,3.8846153846153846,3.0,3.0,0.0,4.214285714285714,0.0,4.5,2.0,0.0
user_595,13,3.8076923076923075,4.25,4.125,0.0,4.0,2.0,0.0,3.0,3.0
user_596,9,3.9444444444444446,0.0,3.0,3.25,5.0,5.0,3.0,4.5,0.0
user_597,8,3.6875,2.75,0.0,0.0,0.0,4.4,0.0,0.0,2.0
user_598,8,3.875,0.0,3.0,3.75,5.0,0.0,4.6,2.0,3.0
user_599,8,3.6875,0.0,2.5,4.5,2.0,3.5,0.0,0.0,0.0
user_600,8,3.5625,2.5,0.0,0.0,0.0,4.1,0.0,3.0,0.0
user_601,8,3.4375,3.0,4.1,0.0,0.0,3.0,2.0,0.0,0.0
user_602,13,3.8076923076923075,4.1,2.5,2.5,4.0,2.5,4.3,0.0,2.5
user_603,14,4.035714285714286,3.0,2.5,0.0,4.7,4.25,5.0,2.5,0.0
user_604,8,3.375,0.0,0.0,4.0,0.0,2.0,0.0,4.0,3.0
user_605,8,3.6875,0.0,0.0,0.0,4.4,2.5,2.0,4.0,0.0
user_606,8,3.625,4.3,0.0,0.0,0.0,3.0,2.5,2.0,0.0
user_607,14,3.892857142857143,4.5,0.0,4.5,2.5,2.5,0.0,4.142857142857143,3.5
user_608,8,3.5625,4.2,0.0,0.0,0.0,2.25,0.0,0.0,3.0
user_609,13,4.038461538461538,2.0,0.0,4.625,4.5,5.0,3.0,4.5,2.0
user_610,14,3.892857142857143,3.5,3.5,0.0,4.666666666666667,4.25,2.5,2.0,3.5
user_611,8,3.5,0.0,0.0,4.4,2.0,0.0,5.0,2.0,2.0
user_612,8,3.375,0.0,3.0,3.8,0.0,3.0,0.0,5.0,2.0
user_613,8,3.5625,2.5,4.3,0.0,0.0,2.5,2.0,0.0,0.0
user_614,9,3.5555555555555554,3.5,0.0,0.0,3.25,2.0,0.0,4.333333333333333,0.0
user_615,8,3.5,0.0,2.5,4.0,2.5,0.0,3.0,0.0,0.0
user_616,8,3.5625,3.0,3.0,4.1,0.0,2.0,0.0,0.0,0.0
user_617,13,3.730769230769231,0.0,3.9166666666666665,4.5,2.5,2.5,2.0,0.0,0.0
user_618,14,4.071428571428571,0.0,3.5,0.0,3.5,4.375,2.0,4.375,3.0
user_619,9,3.5555555555555554,2.1666666666666665,4.5,4.5,2.5,4.5,0.0,2.0,4.25
user_620,9,3.7777777777777777,3.25,0.0,0.0,0.0,0.0,3.0,3.0,4.166666666666667
user_621,9,3.611111111111111,0.0,0.0,0.0,0.0,2.0,3.0,0.0,4.083333333333333
user_622,14,3.857142857142857,3.0,3.0,4.0,0.0,2.5,0.0,0.0,4.333333333333333
user_623,8,3.4375,2.0,0.0,0.0,0.0,4.1,3.0,3.25,0.0
user_624,17,3.911764705882353,4.166666666666667,4.25,0.0,4.083333333333333,2.75,0.0,3.0,0.0
user_625,9,3.5,2.0,0.0,0.0,3.5,3.0,0.0,3.9166666666666665,3.0
user_626,13,3.8076923076923075,3.0,4.0,4.0,2.0,0.0,2.0,2.0,4.3125
user_627,8,3.6875,0.0,2.0,0.0,4.5,0.0,3.5,0.0,2.5
user_628,9,3.611111111111111,0.0,3.0,2.0,0.0,3.0,0.0,0.0,4.083333333333333
user_629,14,4.071428571428571,4.0,0.0,0.0,2.0,2.0,4.333333333333333,4.5,0.0
user_630,8,3.6875,4.4,2.5,0.0,2.5,0.0,0.0,0.0,4.5
user_631,8,3.4375,0.0,0.0,3.5,0.0,0.0,4.1,2.0,2.5
user_632,9,3.8333333333333335,0.0,0.0,4.5,0.0,0.0,2.75,4.5,2.0
user_633,8,3.375,4.0,2.0,2.5,0.0,0.0,2.5,2.5,3.5
user_634,8,3.5625,0.0,2.5,4.1,0.0,3.5,3.0,4.0,3.0
user_635,19,4.2631578947368425,4.75,4.5,3.0,4.0,4.166666666666667,0.0,4.4,4.5
user_636,8,3.375,0.0,2.5,0.0,3.9,2.5,3.0,0.0,0.0
user_637,9,3.5,3.0,0.0,2.0,0.0,2.0,0.0,4.083333333333333,2.0
user_638,17,4.088235294117647,4.0,4.416666666666667,0.0,0.0,4.3125,0.0,0.0,3.25
user_639,8,3.4375,2.0,0.0,3.9,3.0,3.75,0.0,3.5,0.0
user_640,8,3.375,0.0,2.5,3.9,0.0,2.75,0.0,3.5,3.5
user_641,8,3.4375,3.0,2.5,0.0,4.0,2.0,3.5,4.0,0.0
user_642,9,3.7777777777777777,3.5,2.0,4.5,0.0,0.0,3.0,4.416666666666667,2.5
user_643,8,3.6875,2.25,4.5,0.0,0.0,4.4,3.0,0.0,4.5
user_644,8,3.5,2.0,0.0,2.5,4.2,0.0,0.0,0.0,0.0
user_645,9,3.611111111111111,4.5,0.0,2.0,0.0,3.25,3.0,4.166666666666667,0.0
user_646,9,3.7222222222222223,0.0,0.0,2.5,0.0,0.0,3.0,0.0,4.166666666666667
user_647,14,3.857142857142857,0.0,3.5,3.0,3.0,0.0,4.25,2.0,4.142857142857143
user_648,8,3.625,4.2,0.0,0.0,0.0,2.75,0.0,3.75,0.0
user_649,8,3.5,3.0,0.0,3.9,2.75,0.0,0.0,0.0,3.5
user_650,8,3.5625,0.0,0.0,0.0,0.0,4.2,0.0,3.0,2.25
user_651,8,3.25,0.0,4.0,0.0,0.0,0.0,2.0,2.0,2.0
user_652,8,3.375,0.0,4.0,2.0,2.0,4.0,3.0,0.0,4.0
user_653,9,3.7777777777777777,0.0,3.0,0.0,0.0,0.0,0.0,4.25,2.75
user_654,13,3.8846153846153846,0.0,4.2,0.0,2.5,4.5,0.0,0.0,2.0
user_655,8,3.75,2.5,2.25,0.0,4.6,0.0,0.0,5.0,0.0
user_656,8,3.5,4.1,2.0,0.0,0.0,0.0,0.0,2.5,3.0
user_657,8,3.5625,4.2,0.0,0.0,3.5,0.0,0.0,0.0,2.5
user_658,9,3.4444444444444446,0.0,0.0,0.0,2.0,2.5,0.0,4.083333333333333,0.0
user_659,8,3.3125,3.0,0.0,3.6,0.0,2.5,3.0,3.25,0.0
user_660,8,3.625,4.2,2.5,0.0,3.0,0.0,0.0,2.5,0.0
user_661,13,3.8461538461538463,4.0,4.333333333333333,5.0,3.5,4.0,2.0,4.0625,3.5
user_662,13,3.9615384615384617,4.375,0.0,3.25,2.75,0.0,4.416666666666667,0.0,0.0
user_663,8,3.625,0.0,0.0,4.4,2.0,2.5,0.0,3.5,2.5
user_664,14,3.892857142857143,0.0,3.0,0.0,2.5,0.0,4.1,3.0,4.25
user_665,8,3.3125,0.0,0.0,2.5,2.75,0.0,3.9,0.0,0.0
user_666,8,3.6875,3.0,0.0,0.0,4.2,0.0,4.0,0.0,2.5
user_667,8,3.5625,0.0,4.3,0.0,2.25,0.0,0.0,2.5,2.5
user_668,28,4.25,0.0,4.142857142857143,4.583333333333333,3.6666666666666665,4.5,4.0,4.428571428571429,4.1
user_669,8,3.6875,0.0,3.0,0.0,5.0,3.0,4.3,2.5,3.0
user_670,14,3.9642857142857144,4.4,4.5,2.0,2.0,4.5,0.0,0.0,4.583333333333333
user_671,9,3.5555555555555554,0.0,0.0,3.0,0.0,0.0,2.5,2.0,4.083333333333333
user_672,14,3.857142857142857,0.0,2.5,3.25,0.0,0.0,4.071428571428571,4.0,0.0
user_673,13,3.8461538461538463,0.0,4.5,3.5,0.0,4.0,0.0,2.5,2.75
user_674,8,3.5,4.0,0.0,0.0,0.0,2.75,2.5,3.5,0.0
user_675,8,3.5625,0.0,3.0,2.5,4.2,0.0,2.0,3.0,0.0
user_676,8,3.5625,3.25,2.25,0.0,4.4,0.0,0.0,0.0,2.0
user_677,8,3.5,0.0,2.5,2.0,4.2,2.5,0.0,4.5,0.0
user_678,13,3.5,2.6666666666666665,0.0,3.5,4.0,0.0,3.6,3.8333333333333335,2.5
user_679,18,3.9444444444444446,0.0,0.0,0.0,3.9,4.285714285714286,4.125,3.0,2.0
user_680,9,3.5555555555555554,3.5,0.0,2.0,2.5,3.0,0.0,4.083333333333333,0.0
user_681,8,3.8125,4.5,0.0,0.0,0.0,3.0,2.5,0.0,3.5
user_682,14,3.9285714285714284,4.333333333333333,3.0,0.0,5.0,2.5,0.0,4.333333333333333,2.0
user_683,19,4.052631578947368,0.0,4.416666666666667,2.5,0.0,4.25,3.0,4.0,5.0
user_684,8,3.625,0.0,4.4,0.0,2.0,0.0,2.0,3.0,0.0
user_685,9,3.7222222222222223,3.3333333333333335,0.0,2.0,0.0,2.0,0.0,0.0,4.333333333333333
user_686,8,3.625,4.0,0.0,0.0,0.0,3.0,0.0,0.0,3.0
user_687,13,3.6923076923076925,2.0,4.333333333333333,3.25,2.0,4.5,0.0,0.0,4.0
user_688,8,3.6875,2.0,0.0,4.4,0.0,5.0,3.5,2.5,0.0
user_689,8,3.625,0.0,4.0,0.0,0.0,0.0,0.0,3.0,3.0
user_690,9,3.7222222222222223,2.5,0.0,4.5,4.5,2.5,2.0,4.416666666666667,0.0
user_691,14,4.0,0.0,0.0,5.0,4.1875,4.5,3.1666666666666665,3.5,3.0
user_692,14,3.607142857142857,2.5,0.0,3.5,0.0,3.75,4.2,3.0,2.5
user_693,19,4.157894736842105,4.6,0.0,3.8333333333333335,0.0,0.0,3.9285714285714284,4.7,3.75
user_694,13,3.8846153846153846,4.0,2.0,5.0,5.0,2.25,4.5,0.0,3.0
user_695,13,3.923076923076923,0.0,4.071428571428571,3.5,0.0,0.0,0.0,4.25,4.0
user_696,9,3.6666666666666665,0.0,0.0,0.0,2.0,3.0,2.0,0.0,4.333333333333333
user_697,13,3.8461538461538463,0.0,4.0,2.25,4.875,3.25,0.0,5.0,3.5
user_698,8,3.625,0.0,4.4,0.0,0.0,2.0,2.5,2.5,4.5
user_699,8,3.3125,0.0,4.0,0.0,2.0,0.0,2.0,0.0,2.5
user_700,8,3.4375,0.0,2.5,4.1,2.0,0.0,4.5,0.0,2.5
user_701,8,3.75,0.0,3.0,4.2,0.0,4.0,0.0,0.0,3.0
user_702,8,3.5,2.25,4.1,0.0,2.5,3.5,0.0,3.0,3.5
user_703,8,3.6875,0.0,2.0,0.0,4.5,0.0,0.0,0.0,2.5
user_704,9,3.7777777777777777,3.0,3.0,3.0,4.5,3.0,0.0,4.166666666666667,0.0
user_705,8,3.9375,3.0,0.0,4.8,2.5,2.0,0.0,0.0,3.0
user_706,8,3.5,2.0,4.2,0.0,0.0,0.0,2.5,0.0,2.5
user_707,8,3.6875,4.4,2.0,0.0,3.0,2.5,0.0,0.0,0.0
user_708,13,3.730769230769231,0.0,4.166666666666667,2.5,0.0,4.0,0.0,0.0,2.5
user_709,8,3.5,0.0,0.0,3.9,3.0,0.0,2.5,4.0,3.0
user_710,14,3.7142857142857144,3.625,3.75,0.0,0.0,4.0,0.0,2.5,4.125
user_711,28,4.107142857142857,0.0,4.375,4.6,3.5,4.2,2.5,4.0,3.875
user_712,8,3.5,2.0,0.0,0.0,4.1,3.0,0.0,3.25,0.0
user_713,8,3.6875,2.0,2.5,0.0,0.0,0.0,4.5,0.0,0.0
user_714,13,4.038461538461538,4.5,4.833333333333333,2.0,4.357142857142857,2.75,0.0,2.0,4.5
user_715,13,3.8076923076923075,0.0,2.25,4.0,0.0,4.4,4.0,0.0,3.0
user_716,8,3.625,2.0,4.5,0.0,2.5,0.0,0.0,2.0,0.0
user_717,8,3.5,0.0,0.0,4.4,2.0,0.0,0.0,4.0,0.0
user_718,8,3.4375,0.0,0.0,2.5,0.0,4.0,3.0,0.0,2.0
user_719,17,3.8823529411764706,2.0,4.125,4.25,2.5,0.0,0.0,0.0,3.9
user_720,8,3.625,0.0,0.0,4.2,0.0,3.0,0.0,2.5,0.0
user_721,8,3.9375,4.6,0.0,3.0,0.0,3.0,0.0,2.75,4.0
user_722,9,3.611111111111111,0.0,4.5,4.5,0.0,4.5,2.0,2.75,4.166666666666667
user_723,8,3.3125,0.0,0.0,2.5,0.0,2.5,3.8,0.0,0.0
user_724,13,3.9615384615384617,2.0,4.125,4.583333333333333,0.0,2.5,5.0,3.0,3.25
user_725,13,3.9615384615384617,2.5,4.375,4.5,0.0,2.0,4.5,2.5,5.0
user_726,8,3.4375,2.0,0.0,0.0,4.2,2.5,2.0,0.0,0.0
user_727,13,3.8461538461538463,0.0,4.5,4.0,2.0,4.0,3.0,3.5,4.5
user_728,9,3.5555555555555554,2.5,0.0,0.0,2.5,3.0,3.0,0.0,3.9166666666666665
user_729,8,3.6875,0.0,0.0,0.0,4.3,0.0,3.5,3.0,0.0
user_730,17,3.911764705882353,4.3,4.0,3.0,0.0,3.5,2.0,0.0,4.0
user_731,8,3.5,0.0,4.2,2.5,2.5,0.0,2.0,0.0,0.0
user_732,8,3.5,4.1,2.75,0.0,4.5,0.0,0.0,2.0,0.0
user_733,14,4.142857142857143,0.0,3.0,5.0,0.0,0.0,0.0,4.5,4.0
user_734,14,3.8214285714285716,0.0,5.0,2.0,4.1,4.416666666666667,2.5,2.0,5.0
user_735,13,3.8461538461538463,0.0,0.0,4.5,0.0,4.214285714285714,2.0,3.0,2.0
user_736,8,3.75,2.5,0.0,4.5,2.75,4.5,0.0,3.3333333333333335,0.0
user_737,9,3.7777777777777777,2.0,2.75,0.0,0.0,0.0,0.0,0.0,4.416666666666667
user_738,13,3.769230769230769,0.0,4.083333333333333,4.125,0.0,4.0,3.5,2.5,4.0
user_739,8,3.6875,2.5,0.0,2.5,4.4,2.5,0.0,0.0,0.0
user_740,8,3.8125,0.0,4.4,3.0,0.0,0.0,2.5,0.0,3.0
user_741,8,3.75,0.0,0.0,2.5,0.0,4.3,0.0,3.0,3.0
user_742,8,3.625,0.0,4.5,2.5,0.0,4.3,0.0,2.5,4.5
user_743,14,3.8214285714285716,0.0,2.8333333333333335,0.0,4.25,4.055555555555555,0.0,0.0,0.0
user_744,14,3.8214285714285716,2.5,2.0,0.0,0.0,2.0,4.2,0.0,4.333333333333333
user_745,8,3.625,3.0,0.0,0.0,0.0,4.1,0.0,3.0,2.5
user_746,14,3.9642857142857144,4.4,0.0,3.5,5.0,2.0,3.0,4.333333333333333,0.0
user_747,8,3.625,4.4,0.0,0.0,0.0,0.0,2.5,0.0,2.25
user_748,8,3.375,2.5,4.1,0.0,2.0,0.0,2.0,0.0,0.0
user_749,13,4.0,4.083333333333333,0.0,4.5,4.5,0.0,4.875,3.0,2.0
user_750,8,3.375,2.0,0.0,2.0,0.0,0.0,4.2,0.0,2.0
user_751,13,3.9615384615384617,4.5,0.0,4.1,2.5,3.1666666666666665,0.0,3.0,0.0
user_752,9,3.611111111111111,0.0,0.0,3.0,0.0,0.0,2.5,3.0,4.083333333333333
user_753,19,4.184210526315789,0.0,0.0,4.571428571428571,3.5,4.5,2.5,4.25,4.25
user_754,8,3.5,0.0,4.1,3.0,0.0,0.0,0.0,2.0,2.5
user_755,8,3.375,0.0,0.0,3.0,4.0,2.0,0.0,0.0,0.0
user_756,14,3.892857142857143,0.0,0.0,3.25,0.0,0.0,4.375,2.25,4.357142857142857
user_757,13,3.6153846153846154,2.5,4.0,4.5,2.0,4.083333333333333,2.0,0.0,0.0
user_758,9,3.611111111111111,2.5,3.3333333333333335,0.0,0.0,3.5,2.0,0.0,4.166666666666667
user_759,8,3.625,0.0,4.3,0.0,2.5,5.0,2.5,3.0,0.0
user_760,8,3.875,0.0,0.0,0.0,4.6,3.0,0.0,3.5,2.0
user_761,8,3.75,0.0,0.0,3.0,4.3,0.0,3.0,0.0,2.5
user_762,13,3.576923076923077,4.0,3.875,2.0,0.0,4.0,2.0,0.0,3.8333333333333335
user_763,8,3.625,3.25,2.0,0.0,4.4,0.0,3.0,0.0,0.0
user_764,8,3.75,0.0,4.8,2.0,0.0,0.0,0.0,2.0,0.0
user_765,8,3.625,2.5,0.0,4.0,0.0,4.3,0.0,2.5,0.0
user_766,9,3.7222222222222223,0.0,3.0,0.0,0.0,0.0,2.5,2.0,4.333333333333333
user_767,23,4.195652173913044,4.25,4.5,4.5,4.5,4.1,3.5,0.0,3.0
user_768,14,3.642857142857143,2.0,0.0,4.333333333333333,2.0,0.0,0.0,3.8,3.5
user_769,13,3.8076923076923075,0.0,2.6666666666666665,3.875,4.333333333333333,0.0,4.25,4.0,0.0
user_770,23,4.086956521739131,4.125,3.5,3.5,0.0,4.388888888888889,3.75,4.5,3.9166666666666665
user_771,14,4.0,0.0,0.0,0.0,0.0,0.0,2.75,3.9285714285714284,4.6
user_772,8,3.625,0.0,4.3,0.0,2.25,3.5,0.0,0.0,3.25
user_773,8,3.5625,0.0,2.75,4.2,0.0,2.5,3.0,0.0,0.0
user_774,17,3.9705882352941178,2.0,4.333333333333333,3.9166666666666665,0.0,4.333333333333333,3.0,4.0,4.0
user_775,13,4.076923076923077,4.416666666666667,0.0,3.0,4.5,2.75,0.0,3.5,0.0
user_776,9,3.5555555555555554,4.5,0.0,2.8333333333333335,0.0,0.0,3.0,3.0,4.0
user_777,9,3.7777777777777777,4.0,3.0,3.0,2.0,0.0,0.0,0.0,4.333333333333333
user_778,9,3.7222222222222223,4.0,0.0,4.0,0.0,2.25,2.0,4.5,0.0
user_779,8,3.75,0.0,0.0,0.0,5.0,2.0,4.6,2.0,3.0
user_780,8,3.625,4.4,0.0,3.0,0.0,2.0,2.0,0.0,0.0
user_781,13,3.6923076923076925,0.0,4.25,0.0,2.0,3.5,0.0,3.7,2.0
user_782,8,3.75,4.5,0.0,0.0,2.0,0.0,3.0,5.0,2.5
user_783,14,3.607142857142857,4.0,2.75,4.5,5.0,3.5,3.75,2.0,3.7777777777777777
user_784,18,4.027777777777778,4.083333333333333,4.0,2.5,4.0,3.0,4.3125,3.5,5.0
user_785,13,3.730769230769231,0.0,3.6666666666666665,4.428571428571429,2.0,3.5,2.5,0.0,3.5
user_786,8,4.0,3.0,4.8,3.0,0.0,0.0,0.0,0.0,2.0
user_787,8,3.5625,2.0,2.0,0.0,2.0,4.5,0.0,0.0,0.0
user_788,8,3.4375,0.0,2.5,4.0,0.0,0.0,3.5,0.0,2.5
user_789,8,3.375,0.0,2.5,0.0,4.0,2.0,2.5,4.5,0.0
user_790,14,4.071428571428571,2.5,2.0,0.0,4.5,0.0,4.375,4.375,0.0
user_791,13,3.923076923076923,4.5,4.357142857142857,0.0,0.0,0.0,0.0,3.0,3.0
user_792,13,4.076923076923077,0.0,4.5,0.0,0.0,2.5,2.5,4.125,0.0
user_793,9,3.888888888888889,3.75,0.0,0.0,2.5,0.0,2.0,2.5,4.583333333333333
user_794,14,3.8214285714285716,4.0,3.25,0.0,2.25,4.285714285714286,0.0,5.0,3.5
user_795,14,4.178571428571429,4.5,4.5,4.5,3.75,4.6,3.0,4.214285714285714,4.5
user_796,8,3.625,0.0,0.0,2.5,0.0,0.0,4.3,0.0,2.5
user_797,20,3.825,3.5,2.5,0.0,3.75,3.5,4.0,3.8333333333333335,4.75
user_798,8,3.3125,0.0,0.0,2.0,0.0,0.0,4.1,2.0,2.0
user_799,8,3.4375,0.0,4.0,3.0,0.0,4.0,0.0,2.5,0.0
user_800,9,3.7222222222222223,4.0,0.0,0.0,2.5,0.0,2.0,2.5,4.416666666666667
user_801,14,3.857142857142857,2.5,0.0,0.0,0.0,2.0,4.166666666666667,4.083333333333333,0.0
user_802,8,3.5625,4.3,2.5,0.0,2.5,2.0,0.0,0.0,0.0
user_803,8,4.0,4.8,0.0,0.0,3.0,2.0,0.0,4.0,0.0
user_804,13,3.730769230769231,0.0,3.875,2.0,3.0,0.0,4.333333333333333,0.0,2.0
user_805,8,3.4375,0.0,2.5,0.0,2.0,0.0,4.1,0.0,2.5
user_806,9,3.9444444444444446,3.0,0.0,2.0,0.0,3.0,0.0,0.0,4.583333333333333
user_807,14,4.0,0.0,5.0,4.416666666666667,2.0,3.3333333333333335,0.0,4.5,4.5
user_808,14,3.9285714285714284,4.6,3.0,2.5,0.0,3.0,0.0,3.0,4.0
user_809,13,3.923076923076923,4.375,0.0,4.25,0.0,2.0,0.0,4.0,3.5
user_810,18,3.6666666666666665,4.0,0.0,3.7222222222222223,3.0,4.0,3.0,4.0,0.0
user_811,9,3.7222222222222223,0.0,0.0,3.0,3.0,0.0,0.0,2.5,4.166666666666667
user_812,8,3.6875,0.0,2.5,4.4,0.0,5.0,0.0,3.0,2.0
user_813,18,4.277777777777778,2.0,2.5,4.5,0.0,4.6,4.5,0.0,4.5
user_814,8,3.875,2.5,2.5,0.0,0.0,3.0,4.6,0.0,0.0
user_815,8,3.3125,3.25,3.0,0.0,3.7,0.0,0.0,3.25,0.0
user_816,8,3.625,0.0,0.0,4.2,0.0,2.5,0.0,3.0,3.75
user_817,8,3.4375,2.0,3.0,4.1,0.0,0.0,0.0,0.0,3.0
user_818,8,3.6875,4.6,0.0,2.0,4.0,2.0,0.0,0.0,2.5
user_819,14,3.8214285714285716,4.083333333333333,2.5,3.5,0.0,3.0,2.5,4.2,0.0
user_820,13,3.9615384615384617,4.666666666666667,0.0,4.0,2.5,0.0,4.285714285714286,2.5,0.0
user_821,8,3.5625,0.0,3.0,4.0,3.0,0.0,0.0,0.0,2.5
user_822,8,3.75,0.0,0.0,3.0,0.0,4.3,0.0,0.0,2.5
user_823,13,3.6923076923076925,2.5,2.0,0.0,4.1,0.0,4.2,2.0,0.0
user_824,8,3.3125,0.0,2.0,2.0,0.0,3.0,3.9,0.0,0.0
user_825,17,4.0588235294117645,0.0,3.0,4.333333333333333,4.4,0.0,4.0,3.5,0.0
user_826,8,3.5,0.0,0.0,0.0,3.0,4.0,0.0,0.0,2.5
user_827,13,3.8846153846153846,4.3,4.2,0.0,5.0,0.0,3.0,2.5,0.0
user_828,8,3.6875,3.0,0.0,4.2,2.5,0.0,2.5,4.0,3.75
user_829,9,3.611111111111111,0.0,3.25,0.0,0.0,3.25,2.0,0.0,4.083333333333333
user_830,8,3.375,0.0,0.0,2.5,0.0,2.0,4.1,2.0,0.0
user_831,8,3.5625,0.0,4.4,2.0,0.0,3.1666666666666665,0.0,2.0,5.0
user_832,14,4.0,0.0,0.0,0.0,4.75,2.5,2.5,4.277777777777778,4.166666666666667
user_833,8,3.8125,4.4,0.0,2.5,0.0,3.0,3.0,0.0,0.0
user_834,13,3.8461538461538463,0.0,4.0,0.0,4.0,4.5,3.0,4.25,2.0
user_835,8,3.6875,3.0,0.0,0.0,0.0,0.0,4.3,2.5,2.5
user_836,13,4.1923076923076925,0.0,4.833333333333333,0.0,3.75,5.0,3.0,4.3125,5.0
user_837,8,3.5,0.0,2.5,4.0,2.5,4.1,2.5,0.0,0.0
user_838,14,4.178571428571429,0.0,3.0,4.0,3.0,5.0,4.3,4.428571428571429,0.0
user_839,8,3.6875,0.0,4.0,3.5,2.5,4.4,0.0,0.0,0.0
user_840,8,3.5625,3.0,2.0,0.0,4.2,0.0,0.0,2.5,0.0
user_841,8,3.4375,0.0,4.0,0.0,0.0,3.25,0.0,2.0,3.5
user_842,18,3.9166666666666665,0.0,4.0,2.5,4.2,4.083333333333333,2.5,4.0,4.0
user_843,8,3.6875,0.0,4.3,3.0,2.0,3.5,3.0,2.0,3.5
user_844,8,3.4375,4.3,0.0,0.0,0.0,2.0,0.0,0.0,2.8333333333333335
user_845,9,3.9444444444444446,0.0,0.0,3.0,3.5,0.0,3.0,4.416666666666667,0.0
user_846,8,3.625,4.5,2.0,2.0,3.25,0.0,0.0,0.0,0.0
user_847,13,3.9615384615384617,0.0,4.375,4.333333333333333,0.0,3.1,5.0,5.0,3.5
user_848,8,4.0625,0.0,0.0,0.0,5.0,3.0,4.7,0.0,3.0
user_849,9,3.2777777777777777,4.0,0.0,2.0,2.5,0.0,0.0,2.5,3.8333333333333335
user_850,13,3.9615384615384617,0.0,3.0,4.2,4.5,3.0,3.25,4.75,0.0
user_851,9,3.611111111111111,2.0,2.5,3.0,0.0,0.0,2.0,0.0,4.333333333333333
user_852,13,3.730769230769231,4.4,4.0,0.0,5.0,2.0,0.0,2.5,0.0
user_853,8,3.6875,2.5,5.0,0.0,2.0,4.5,0.0,2.25,5.0
user_854,8,3.3125,0.0,4.0,0.0,2.25,2.0,0.0,0.0,4.0
user_855,8,3.3125,2.0,0.0,0.0,0.0,4.1,0.0,0.0,2.0
user_856,8,3.4375,0.0,0.0,0.0,2.5,3.0,3.9,2.5,0.0
user_857,8,3.6875,2.5,0.0,4.5,2.5,3.25,0.0,4.5,0.0
user_858,14,4.107142857142857,0.0,0.0,3.5,4.75,0.0,0.0,4.5,4.1
user_859,8,3.375,0.0,0.0,2.5,3.9,0.0,0.0,3.25,2.5
user_860,18,4.194444444444445,4.5,4.1,3.5,4.5,3.75,0.0,4.5,4.0
user_861,8,3.375,0.0,2.5,4.0,2.5,0.0,2.0,4.5,0.0
user_862,14,3.7857142857142856,2.5,0.0,3.0,0.0,3.888888888888889,0.0,4.166666666666667,0.0
user_863,8,3.625,2.0,0.0,5.0,2.0,4.5,0.0,4.0,2.5
user_864,8,3.9375,0.0,3.0,4.5,3.0,3.0,3.0,5.0,0.0
user_865,8,3.4375,0.0,0.0,0.0,3.0,0.0,3.8,2.5,3.0
user_866,13,4.038461538461538,4.3,0.0,3.0,4.666666666666667,2.0,0.0,3.5,3.0
user_867,13,3.8076923076923075,4.125,0.0,3.75,0.0,0.0,4.333333333333333,2.0,0.0
user_868,8,3.6875,0.0,0.0,0.0,4.1,0.0,3.0,4.0,0.0
user_869,13,4.0,0.0,4.4,0.0,0.0,2.5,4.4,3.0,4.5
user_870,14,4.178571428571429,0.0,2.0,0.0,3.75,2.0,4.5,4.5,2.0
user_871,14,4.178571428571429,2.75,0.0,5.0,0.0,4.75,0.0,4.5,2.0
user_872,9,3.7222222222222223,2.5,4.0,4.5,3.0,3.0,0.0,3.0,4.166666666666667
user_873,8,3.625,4.3,2.0,0.0,0.0,3.0,0.0,2.5,0.0
user_874,9,3.7777777777777777,0.0,0.0,2.75,0.0,0.0,2.0,4.416666666666667,0.0
user_875,14,3.607142857142857,5.0,2.0,2.5,4.2,0.0,0.0,4.5,3.8333333333333335
user_876,8,3.375,2.5,3.0,0.0,3.8,0.0,0.0,3.5,2.5
user_877,8,3.625,0.0,0.0,0.0,4.2,2.5,3.0,3.5,2.5
user_878,8,3.75,4.3,0.0,2.5,0.0,2.5,0.0,0.0,3.0
user_879,13,4.0,0.0,4.357142857142857,2.0,3.5,3.0,0.0,4.125,0.0
user_880,8,3.5625,3.0,3.0,4.0,2.5,0.0,0.0,4.0,0.0
user_881,9,3.888888888888889,3.75,0.0,0.0,3.1666666666666665,0.0,0.0,4.666666666666667,0.0
user_882,8,3.6875,0.0,0.0,2.5,2.5,4.3,3.0,0.0,0.0
user_883,8,3.6875,0.0,4.4,2.5,0.0,0.0,0.0,2.0,3.0
user_884,8,3.625,4.2,0.0,0.0,3.0,0.0,0.0,2.5,0.0
user_885,8,3.5625,4.2,2.0,0.0,0.0,3.0,2.5,0.0,0.0
user_886,14,3.9642857142857144,5.0,2.0,0.0,4.5,2.0,2.75,4.25,0.0
user_887,9,3.611111111111111,3.0,0.0,4.0,0.0,2.0,2.5,0.0,4.25
user_888,13,3.8076923076923075,2.5,3.0,4.166666666666667,0.0,4.285714285714286,0.0,0.0,3.0
user_889,9,3.3333333333333335,0.0,0.0,0.0,2.25,0.0,3.0,2.0,3.75
user_890,8,3.75,0.0,0.0,3.0,2.5,4.4,2.5,0.0,0.0
user_891,8,3.5625,4.3,0.0,0.0,2.0,0.0,3.0,0.0,3.25
user_892,14,3.9642857142857144,4.0,4.5,3.0,4.25,4.5,2.5,0.0,4.428571428571429
user_893,8,3.6875,4.4,0.0,0.0,0.0,0.0,2.0,3.5,3.0
user_894,8,3.6875,0.0,2.5,4.4,3.0,2.0,0.0,0.0,5.0
user_895,9,3.7222222222222223,0.0,2.5,0.0,5.0,3.5,2.5,4.416666666666667,2.0
user_896,13,4.153846153846154,0.0,0.0,0.0,4.6,3.0,4.5,3.75,3.0
user_897,9,3.7777777777777777,0.0,0.0,3.0,3.75,0.0,2.0,4.333333333333333,0.0
user_898,8,4.125,4.9,3.0,2.5,5.0,3.0,0.0,0.0,0.0
user_899,9,3.3333333333333335,3.5,0.0,0.0,2.0,0.0,3.0,2.0,3.8333333333333335
user_900,23,4.043478260869565,0.0,4.25,4.25,3.5,0.0,3.875,4.071428571428571,3.25
user_901,9,4.0,4.5,3.0,5.0,0.0,0.0,2.5,3.0,4.583333333333333
user_902,13,3.8076923076923075,2.0,4.5,4.142857142857143,0.0,3.0,0.0,4.0,2.0
user_903,9,3.611111111111111,0.0,0.0,0.0,4.5,2.0,3.0,4.25,0.0
user_904,13,4.230769230769231,2.0,4.625,0.0,3.0,0.0,0.0,2.5,4.916666666666667
user_905,9,3.611111111111111,0.0,3.0,3.25,3.0,0.0,0.0,4.25,0.0
user_906,9,3.5555555555555554,4.5,0.0,0.0,2.3333333333333335,0.0,0.0,0.0,4.166666666666667
user_907,9,3.9444444444444446,0.0,0.0,0.0,2.0,0.0,0.0,3.0,4.583333333333333
user_908,8,3.5,0.0,3.0,0.0,2.5,0.0,4.1,2.5,2.0
user_909,18,4.138888888888889,0.0,0.0,4.4,0.0,4.142857142857143,2.75,4.5,0.0
user_910,8,3.8125,2.5,4.4,0.0,0.0,3.0,0.0,3.0,4.0
user_911,8,3.5,4.2,2.5,0.0,0.0,2.25,0.0,5.0,2.5
user_912,18,3.861111111111111,4.5,2.5,4.1,4.0,0.0,2.5,4.0,4.0
user_913,17,3.9705882352941178,0.0,2.5,4.25,4.0,0.0,4.25,3.25,0.0
user_914,8,3.6875,0.0,4.4,0.0,0.0,3.5,0.0,0.0,3.5
user_915,13,3.8846153846153846,0.0,0.0,4.333333333333333,0.0,4.25,2.75,3.25,0.0
user_916,18,4.0,3.1666666666666665,0.0,0.0,4.125,4.166666666666667,4.333333333333333,0.0,0.0
user_917,8,3.375,0.0,0.0,2.5,0.0,0.0,3.8,3.0,2.5
user_918,14,3.857142857142857,0.0,0.0,3.5,0.0,2.0,4.0,4.5,2.0
user_919,13,3.769230769230769,0.0,4.5,4.285714285714286,2.5,4.0,2.5,2.0,4.5
user_920,13,4.038461538461538,4.625,4.583333333333333,0.0,0.0,4.5,0.0,2.25,3.25
user_921,9,3.611111111111111,2.0,2.5,2.0,0.0,0.0,0.0,4.333333333333333,0.0
user_922,13,3.730769230769231,3.0,4.1,4.2,2.0,0.0,0.0,2.0,0.0
user_923,9,3.5555555555555554,0.0,0.0,0.0,2.5,0.0,3.0,2.25,4.083333333333333
user_924,13,3.8846153846153846,2.0,2.5,4.333333333333333,0.0,2.5,4.357142857142857,3.5,0.0
user_925,8,3.5625,4.1,3.0,0.0,2.0,0.0,3.0,3.0,0.0
user_926,13,3.8846153846153846,2.5,0.0,4.333333333333333,4.214285714285714,3.0,0.0,3.75,0.0
user_927,8,3.6875,0.0,0.0,2.0,0.0,4.6,0.0,2.0,2.5
user_928,8,3.5,2.5,0.0,3.25,2.5,4.1,0.0,0.0,2.0
user_929,8,3.8125,0.0,4.6,2.5,0.0,0.0,2.5,0.0,0.0
user_930,8,3.4375,0.0,0.0,4.0,2.0,0.0,2.75,4.5,0.0
user_931,13,3.6923076923076925,3.0,0.0,4.0,2.5,4.125,5.0,2.75,0.0
user_932,8,3.75,0.0,0.0,4.5,2.5,3.0,0.0,3.5,0.0
user_933,14,4.142857142857143,5.0,2.0,3.5,5.0,2.0,4.4375,4.5,2.0
user_934,13,3.730769230769231,0.0,0.0,3.75,4.5,0.0,3.75,3.5,2.8333333333333335
user_935,14,3.6785714285714284,0.0,0.0,4.5,3.75,4.0,2.5,4.125,2.0
user_936,8,3.3125,2.0,3.5,3.0,0.0,3.7,3.0,0.0,3.25
user_937,9,4.111111111111111,3.0,5.0,4.0,0.0,0.0,0.0,3.0,4.666666666666667
user_938,17,3.9705882352941178,0.0,4.25,4.214285714285714,2.5,4.5,0.0,2.0,4.333333333333333
user_939,8,3.5625,0.0,0.0,2.5,0.0,0.0,4.4,0.0,2.0
user_940,8,3.8125,4.0,3.0,0.0,4.5,3.0,3.0,5.0,2.0
user_941,13,4.0,0.0,2.5,2.5,4.7,0.0,4.3,2.0,0.0
user_942,13,3.923076923076923,0.0,4.5,0.0,0.0,4.0,2.5,0.0,2.0
user_943,8,3.625,2.0,2.0,4.4,2.0,0.0,3.0,0.0,0.0
user_944,8,3.625,0.0,2.0,4.2,0.0,0.0,0.0,3.0,2.5
user_945,13,4.115384615384615,4.25,4.75,3.0,3.0,2.0,0.0,2.6666666666666665,0.0
user_946,9,3.5,4.0,0.0,2.5,0.0,0.0,2.0,2.0,4.166666666666667
user_947,14,3.892857142857143,0.0,3.0,2.75,4.3,0.0,0.0,4.083333333333333,0.0
user_948,9,4.0,3.0,2.0,0.0,4.0,3.0,0.0,4.666666666666667,3.0
user_949,8,3.6875,2.0,4.4,2.5,0.0,2.5,0.0,0.0,3.0
user_950,8,3.8125,0.0,2.0,3.0,0.0,4.6,0.0,3.75,0.0
user_951,8,3.4375,3.0,0.0,5.0,0.0,2.5,4.0,2.0,0.0
user_952,8,3.4375,2.0,4.2,0.0,0.0,3.5,0.0,2.0,4.5
user_953,9,3.7222222222222223,4.5,0.0,2.0,4.5,0.0,0.0,4.5,2.25
user_954,14,3.9285714285714284,0.0,3.5,2.5,2.0,4.25,0.0,4.0,3.5
user_955,8,3.5,0.0,4.2,2.5,0.0,2.0,0.0,0.0,4.5
user_956,18,4.194444444444445,2.0,2.0,4.333333333333333,4.571428571428571,0.0,4.5,4.416666666666667,3.5
user_957,13,4.038461538461538,3.25,4.285714285714286,0.0,0.0,2.5,0.0,4.375,0.0
user_958,18,4.166666666666667,4.333333333333333,4.625,5.0,3.5,4.5,2.5,4.214285714285714,4.5
user_959,9,3.5,0.0,0.0,3.0,4.5,0.0,0.0,4.0,2.0
user_960,8,3.875,3.0,2.5,4.6,2.5,0.0,3.5,3.875,0.0
user_961,8,3.4375,0.0,0.0,3.9,3.0,0.0,2.8333333333333335,3.0,0.0
user_962,9,3.5555555555555554,2.0,0.0,2.5,5.0,0.0,2.0,4.25,0.0
user_963,8,3.5625,2.0,2.5,3.0,4.2,0.0,5.0,4.0,0.0
user_964,14,3.5714285714285716,0.0,2.0,4.0,0.0,3.0,0.0,3.9166666666666665,3.0
user_965,8,3.375,2.0,3.0,4.0,0.0,0.0,2.0,0.0,0.0
user_966,13,3.6538461538461537,0.0,3.875,2.5,0.0,3.5,0.0,0.0,4.0
user_967,8,3.5625,0.0,0.0,4.2,0.0,3.3333333333333335,0.0,2.0,4.5
user_968,14,3.7857142857142856,2.5,0.0,5.0,4.0,2.0,3.9,4.142857142857143,0.0
user_969,9,3.4444444444444446,0.0,0.0,0.0,0.0,2.5,2.0,2.0,4.083333333333333
user_970,8,3.25,3.9,0.0,0.0,0.0,0.0,0.0,2.5,0.0
user_971,13,3.9615384615384617,4.4,3.0,4.1,3.0,0.0,0.0,3.25,0.0
user_972,13,3.8076923076923075,4.0,4.375,0.0,0.0,2.5,2.5,0.0,3.0
user_973,19,4.105263157894737,4.25,0.0,0.0,3.5,0.0,3.0,4.5,4.0
user_974,13,3.8076923076923075,2.0,0.0,4.375,0.0,0.0,4.166666666666667,3.0,2.0
user_975,8,3.8125,0.0,4.6,0.0,3.0,2.0,0.0,0.0,2.5
user_976,8,3.6875,2.0,0.0,3.0,2.0,0.0,4.5,0.0,0.0
user_977,8,3.5625,3.0,0.0,2.5,0.0,4.1,0.0,0.0,0.0
user_978,13,4.038461538461538,3.0,2.5,4.25,4.5,0.0,3.0,5.0,0.0
user_979,8,3.75,2.5,4.5,0.0,2.5,5.0,0.0,0.0,0.0
user_980,13,3.8846153846153846,0.0,4.375,0.0,2.0,3.0,0.0,3.0,4.166666666666667
user_981,8,3.75,4.4,0.0,3.0,0.0,0.0,2.5,0.0,3.75
user_982,8,3.875,0.0,3.0,3.0,0.0,4.6,0.0,2.0,3.0
user_983,22,3.977272727272727,4.0,3.5,3.75,3.7142857142857144,4.2,0.0,3.0,4.285714285714286
user_984,8,3.4375,2.5,0.0,4.2,0.0,2.0,0.0,3.0,3.5
user_985,9,3.5555555555555554,2.0,0.0,5.0,3.0,2.0,0.0,4.166666666666667,0.0
user_986,9,3.5555555555555554,3.0,0.0,3.0,0.0,0.0,0.0,4.166666666666667,2.0
user_987,14,3.9285714285714284,2.0,3.6666666666666665,4.0,0.0,3.8333333333333335,0.0,0.0,4.5
user_988,8,3.75,0.0,3.0,4.3,0.0,0.0,0.0,4.5,2.5
user_989,14,3.857142857142857,0.0,4.0,3.0,0.0,4.25,2.5,0.0,4.25
user_990,13,4.076923076923077,0.0,3.0,4.5,0.0,4.428571428571429,0.0,3.75,3.0
user_991,13,3.8846153846153846,0.0,4.5,4.0,2.5,0.0,4.142857142857143,2.75,0.0
user_992,8,3.5,2.0,2.5,4.3,2.0,2.5,0.0,0.0,2.5
user_993,8,3.75,4.4,0.0,0.0,3.0,2.5,2.5,4.0,0.0
user_994,18,3.9444444444444446,3.9166666666666665,3.5,4.625,0.0,4.166666666666667,0.0,2.0,0.0
user_995,13,3.8846153846153846,3.0,2.0,0.0,4.214285714285714,0.0,4.666666666666667,2.75,0.0
user_996,8,3.4375,0.0,0.0,0.0,4.1,0.0,0.0,3.25,2.5
user_997,8,3.5625,2.0,0.0,0.0,4.1,3.0,0.0,0.0,3.0
user_998,8,3.5625,2.0,2.0,2.0,4.5,0.0,0.0,4.0,2.0
user_999,13,3.8076923076923075,4.5,0.0,0.0,4.0,0.0,2.75,3.75,0.0
